--
-- PostgreSQL database dump
--

\restrict xZcRTLh3drb55YQpt3I1E9nlr9tJjdIP5EnipaCEa9CJNN5I8fKdKtENCe2ch0O

-- Dumped from database version 16.11 (Ubuntu 16.11-0ubuntu0.24.04.1)
-- Dumped by pg_dump version 16.11 (Ubuntu 16.11-0ubuntu0.24.04.1)

SET statement_timeout = 0;
SET lock_timeout = 0;
SET idle_in_transaction_session_timeout = 0;
SET client_encoding = 'UTF8';
SET standard_conforming_strings = on;
SELECT pg_catalog.set_config('search_path', '', false);
SET check_function_bodies = false;
SET xmloption = content;
SET client_min_messages = warning;
SET row_security = off;

SET default_tablespace = '';

SET default_table_access_method = heap;

--
-- Name: issues; Type: TABLE; Schema: public; Owner: sonaruser
--

CREATE TABLE public.issues (
    kee character varying(50) NOT NULL,
    rule_uuid character varying(40),
    severity character varying(10),
    manual_severity boolean NOT NULL,
    message character varying(4000),
    line integer,
    gap numeric(30,20),
    status character varying(20),
    resolution character varying(20),
    checksum character varying(1000),
    assignee character varying(255),
    author_login character varying(255),
    effort integer,
    created_at bigint,
    updated_at bigint,
    issue_creation_date bigint,
    issue_update_date bigint,
    issue_close_date bigint,
    tags character varying(4000),
    component_uuid character varying(50),
    project_uuid character varying(50),
    locations bytea,
    issue_type smallint,
    quick_fix_available boolean,
    rule_description_context_key character varying(50),
    message_formattings bytea,
    code_variants character varying(4000),
    clean_code_attribute character varying(40),
    prioritized_rule boolean,
    from_sonarqube_update boolean DEFAULT false NOT NULL,
    internal_tags character varying(4000)
);


ALTER TABLE public.issues OWNER TO sonaruser;

--
-- Name: metrics; Type: TABLE; Schema: public; Owner: sonaruser
--

CREATE TABLE public.metrics (
    uuid character varying(40) NOT NULL,
    name character varying(64) NOT NULL,
    description character varying(255),
    direction integer DEFAULT 0 NOT NULL,
    domain character varying(64),
    short_name character varying(64),
    qualitative boolean DEFAULT false NOT NULL,
    val_type character varying(8),
    enabled boolean DEFAULT true,
    worst_value numeric(38,20),
    best_value numeric(38,20),
    optimized_best_value boolean,
    hidden boolean,
    delete_historical_data boolean,
    decimal_scale integer
);


ALTER TABLE public.metrics OWNER TO sonaruser;

--
-- Name: project_branches; Type: TABLE; Schema: public; Owner: sonaruser
--

CREATE TABLE public.project_branches (
    uuid character varying(50) NOT NULL,
    project_uuid character varying(50) NOT NULL,
    kee character varying(255) NOT NULL,
    branch_type character varying(12) NOT NULL,
    merge_branch_uuid character varying(50),
    pull_request_binary bytea,
    manual_baseline_analysis_uuid character varying(40),
    created_at bigint NOT NULL,
    updated_at bigint NOT NULL,
    exclude_from_purge boolean DEFAULT false NOT NULL,
    need_issue_sync boolean NOT NULL,
    is_main boolean NOT NULL
);


ALTER TABLE public.project_branches OWNER TO sonaruser;

--
-- Name: project_measures; Type: TABLE; Schema: public; Owner: sonaruser
--

CREATE TABLE public.project_measures (
    uuid character varying(40) NOT NULL,
    value numeric(38,20),
    analysis_uuid character varying(50) NOT NULL,
    component_uuid character varying(50) NOT NULL,
    text_value character varying(4000),
    alert_status character varying(5),
    alert_text character varying(4000),
    person_id integer,
    measure_data bytea,
    metric_uuid character varying(40) NOT NULL
);


ALTER TABLE public.project_measures OWNER TO sonaruser;

--
-- Name: projects; Type: TABLE; Schema: public; Owner: sonaruser
--

CREATE TABLE public.projects (
    uuid character varying(40) NOT NULL,
    kee character varying(400) NOT NULL,
    qualifier character varying(10) NOT NULL,
    name character varying(2000),
    description character varying(2000),
    private boolean NOT NULL,
    tags character varying(500),
    created_at bigint,
    updated_at bigint NOT NULL,
    ncloc bigint,
    creation_method character varying(50) NOT NULL,
    contains_ai_code boolean DEFAULT false NOT NULL,
    ai_code_fix_enabled boolean DEFAULT false NOT NULL,
    detected_ai_code boolean DEFAULT false NOT NULL
);


ALTER TABLE public.projects OWNER TO sonaruser;

--
-- Name: snapshots; Type: TABLE; Schema: public; Owner: sonaruser
--

CREATE TABLE public.snapshots (
    uuid character varying(50) NOT NULL,
    root_component_uuid character varying(50) NOT NULL,
    status character varying(4) DEFAULT 'U'::character varying NOT NULL,
    islast boolean DEFAULT false NOT NULL,
    version character varying(500),
    build_string character varying(100),
    revision character varying(100),
    analysis_date bigint,
    period1_mode character varying(100),
    period1_param character varying(100),
    period1_date bigint,
    created_at bigint,
    purged boolean NOT NULL
);


ALTER TABLE public.snapshots OWNER TO sonaruser;

--
-- Data for Name: issues; Type: TABLE DATA; Schema: public; Owner: sonaruser
--

COPY public.issues (kee, rule_uuid, severity, manual_severity, message, line, gap, status, resolution, checksum, assignee, author_login, effort, created_at, updated_at, issue_creation_date, issue_update_date, issue_close_date, tags, component_uuid, project_uuid, locations, issue_type, quick_fix_available, rule_description_context_key, message_formattings, code_variants, clean_code_attribute, prioritized_rule, from_sonarqube_update, internal_tags) FROM stdin;
5f2772b4-b4af-464b-8332-6a1bd2cea552	e07d1fa0-34e4-48ea-9352-abfd0dadd488	MAJOR	f	Remove this field injection and use constructor injection instead.	27	\N	OPEN	\N	18145a078634b6505680b6f89e3f9056	\N	hjstephan86@gmail.com	5	1765526906614	1765526906614	1763988851000	1765526888000	\N	\N	3f26e9bb-93c1-458c-9de9-8500ee746724	306facf7-98ce-4eb5-8527-6eee6ca2c6b5	\\x0a08081b101b1804200b1a203138313435613037383633346236353035363830623666383965336639303536	1	f	\N	\N	\N	CONVENTIONAL	f	f	\N
66aa486e-0aac-477e-b4b1-3559cf475d11	e07d1fa0-34e4-48ea-9352-abfd0dadd488	MAJOR	f	Remove this field injection and use constructor injection instead.	30	\N	OPEN	\N	18145a078634b6505680b6f89e3f9056	\N	hjstephan86@gmail.com	5	1765526906614	1765526906614	1763988851000	1765526888000	\N	\N	3f26e9bb-93c1-458c-9de9-8500ee746724	306facf7-98ce-4eb5-8527-6eee6ca2c6b5	\\x0a08081e101e1804200b1a203138313435613037383633346236353035363830623666383965336639303536	1	f	\N	\N	\N	CONVENTIONAL	f	f	\N
d560054e-b865-4894-8113-d1086a7145c9	368e31cd-16b2-4449-b69d-0530d1a553ac	CRITICAL	f	Add a nested comment explaining why this method is empty, throw an UnsupportedOperationException or complete the implementation.	18	\N	OPEN	\N	e2f6912ce04c7e0e57be04601593e80f	\N	hjstephan86@gmail.com	5	1765526906614	1765526906614	1764592932000	1765526888000	\N	suspicious	9e1974a5-0bf4-4c4b-85d1-31cbd6915e37	306facf7-98ce-4eb5-8527-6eee6ca2c6b5	\\x0a0808121012180b20161a203436326666363832366161333862663038313764353062373133303734353738	1	t	\N	\N	\N	COMPLETE	f	f	\N
16070446-fcc1-4074-98a8-22308311e644	3a2cc364-b210-4dea-a831-20eb7aabd01a	CRITICAL	f	Define a constant instead of duplicating this literal "message" 10 times.	68	10.00000000000000000000	OPEN	\N	c836bbde0dd966cc2c77e033c8426e55	\N	hjstephan86@gmail.com	22	1765526906614	1765526906614	1765373577000	1765526888000	\N	design	563a1922-1b8a-4038-8143-f2917142d69d	306facf7-98ce-4eb5-8527-6eee6ca2c6b5	\\x0a08084410441828203112190a17120808441044182820311a0b4475706c69636174696f6e12190a171208084f104f1824202d1a0b4475706c69636174696f6e12190a171208085710571824202d1a0b4475706c69636174696f6e12190a171208085f105f1824202d1a0b4475706c69636174696f6e12190a171208086710671824202d1a0b4475706c69636174696f6e12190a171208087910791824202d1a0b4475706c69636174696f6e121b0a19120a0889011089011824202d1a0b4475706c69636174696f6e121b0a19120a0893011093011824202d1a0b4475706c69636174696f6e121b0a19120a089c01109c011824202d1a0b4475706c69636174696f6e121b0a19120a08a40110a4011824202d1a0b4475706c69636174696f6e1a203930343063613962666530613463333866383131343039303466623964623964	1	f	\N	\N	\N	DISTINCT	f	f	\N
1be62ac4-d903-42e4-b10e-fd61c7360f25	e07d1fa0-34e4-48ea-9352-abfd0dadd488	MAJOR	f	Remove this field injection and use constructor injection instead.	28	\N	OPEN	\N	18145a078634b6505680b6f89e3f9056	\N	hjstephan86@gmail.com	5	1765526906614	1765526906614	1763988851000	1765526888000	\N	\N	563a1922-1b8a-4038-8143-f2917142d69d	306facf7-98ce-4eb5-8527-6eee6ca2c6b5	\\x0a08081c101c1804200b1a203138313435613037383633346236353035363830623666383965336639303536	1	f	\N	\N	\N	CONVENTIONAL	f	f	\N
e4fb9e0c-1925-4190-a2e5-d8c01efb1576	f339c4d8-bd93-4bf5-97e7-c100423e7b38	MINOR	f	Use another way to initialize this instance.	66	\N	OPEN	\N	c10668f811d0c08989d997a55d063d67	\N	hjstephan86@gmail.com	5	1765526906614	1765526906614	1765373577000	1765526888000	\N	leak	563a1922-1b8a-4038-8143-f2917142d69d	306facf7-98ce-4eb5-8527-6eee6ca2c6b5	\\x0a08084210461842201d1a203839643339613938623966376666386663323735346333623538373961363661	2	f	\N	\N	\N	CLEAR	f	f	\N
7dfaedf8-756d-4a4e-b0bd-62c593a78487	becf8afa-31f6-4f74-b96c-3e03122f3840	MAJOR	f	Move the contents of this initializer to a standard constructor or to field initializers.	67	\N	OPEN	\N	f95b70fdc3088560732a5ac135644506	\N	hjstephan86@gmail.com	30	1765526906614	1765526906614	1765373577000	1765526888000	\N	pitfall	563a1922-1b8a-4038-8143-f2917142d69d	306facf7-98ce-4eb5-8527-6eee6ca2c6b5	\\x0a0808431043182020211a206639356237306664633330383835363037333261356163313335363434353036	1	f	\N	\N	\N	CLEAR	f	f	\N
f9cf4b59-0295-4c39-bdea-5805fbb19c39	f339c4d8-bd93-4bf5-97e7-c100423e7b38	MINOR	f	Use another way to initialize this instance.	77	\N	OPEN	\N	c10668f811d0c08989d997a55d063d67	\N	hjstephan86@gmail.com	5	1765526906614	1765526906614	1765373577000	1765526888000	\N	leak	563a1922-1b8a-4038-8143-f2917142d69d	306facf7-98ce-4eb5-8527-6eee6ca2c6b5	\\x0a08084d1051183e20191a203534393035646235353832366230663138356530306233396364656436633439	2	f	\N	\N	\N	CLEAR	f	f	\N
d2a8db70-f50b-4c99-a1b8-5ceeee7635eb	becf8afa-31f6-4f74-b96c-3e03122f3840	MAJOR	f	Move the contents of this initializer to a standard constructor or to field initializers.	78	\N	OPEN	\N	f95b70fdc3088560732a5ac135644506	\N	hjstephan86@gmail.com	30	1765526906614	1765526906614	1765373577000	1765526888000	\N	pitfall	563a1922-1b8a-4038-8143-f2917142d69d	306facf7-98ce-4eb5-8527-6eee6ca2c6b5	\\x0a08084e104e181c201d1a206639356237306664633330383835363037333261356163313335363434353036	1	f	\N	\N	\N	CLEAR	f	f	\N
e82405c7-efab-4628-9247-21f9c829ab17	f339c4d8-bd93-4bf5-97e7-c100423e7b38	MINOR	f	Use another way to initialize this instance.	85	\N	OPEN	\N	c10668f811d0c08989d997a55d063d67	\N	hjstephan86@gmail.com	5	1765526906614	1765526906614	1765373577000	1765526888000	\N	leak	563a1922-1b8a-4038-8143-f2917142d69d	306facf7-98ce-4eb5-8527-6eee6ca2c6b5	\\x0a0808551059183e20191a203464383839306463623630343238323361646132316336313937356131643437	2	f	\N	\N	\N	CLEAR	f	f	\N
a1f7df3c-e70f-4bca-bfc1-23ddce3ff823	becf8afa-31f6-4f74-b96c-3e03122f3840	MAJOR	f	Move the contents of this initializer to a standard constructor or to field initializers.	86	\N	OPEN	\N	f95b70fdc3088560732a5ac135644506	\N	hjstephan86@gmail.com	30	1765526906614	1765526906614	1765373577000	1765526888000	\N	pitfall	563a1922-1b8a-4038-8143-f2917142d69d	306facf7-98ce-4eb5-8527-6eee6ca2c6b5	\\x0a0808561056181c201d1a206639356237306664633330383835363037333261356163313335363434353036	1	f	\N	\N	\N	CLEAR	f	f	\N
0cc5be41-7a27-4500-bce9-1d198649a5ca	f339c4d8-bd93-4bf5-97e7-c100423e7b38	MINOR	f	Use another way to initialize this instance.	93	\N	OPEN	\N	c10668f811d0c08989d997a55d063d67	\N	hjstephan86@gmail.com	5	1765526906614	1765526906614	1765373577000	1765526888000	\N	leak	563a1922-1b8a-4038-8143-f2917142d69d	306facf7-98ce-4eb5-8527-6eee6ca2c6b5	\\x0a08085d1061183e20191a206137633638663662346431643738636431366134336363336264306335313237	2	f	\N	\N	\N	CLEAR	f	f	\N
d9142ac2-d746-4db8-9368-db3fad51a0e0	becf8afa-31f6-4f74-b96c-3e03122f3840	MAJOR	f	Move the contents of this initializer to a standard constructor or to field initializers.	94	\N	OPEN	\N	f95b70fdc3088560732a5ac135644506	\N	hjstephan86@gmail.com	30	1765526906614	1765526906614	1765373577000	1765526888000	\N	pitfall	563a1922-1b8a-4038-8143-f2917142d69d	306facf7-98ce-4eb5-8527-6eee6ca2c6b5	\\x0a08085e105e181c201d1a206639356237306664633330383835363037333261356163313335363434353036	1	f	\N	\N	\N	CLEAR	f	f	\N
df2f529b-2289-4b0f-b033-36ab48160af0	f339c4d8-bd93-4bf5-97e7-c100423e7b38	MINOR	f	Use another way to initialize this instance.	101	\N	OPEN	\N	c10668f811d0c08989d997a55d063d67	\N	hjstephan86@gmail.com	5	1765526906614	1765526906614	1765373577000	1765526888000	\N	leak	563a1922-1b8a-4038-8143-f2917142d69d	306facf7-98ce-4eb5-8527-6eee6ca2c6b5	\\x0a0808651069183e20191a206437643131353331646363623134653666393566373834613836313538623035	2	f	\N	\N	\N	CLEAR	f	f	\N
77d2d73c-95f7-4562-a280-2643ad878852	becf8afa-31f6-4f74-b96c-3e03122f3840	MAJOR	f	Move the contents of this initializer to a standard constructor or to field initializers.	102	\N	OPEN	\N	f95b70fdc3088560732a5ac135644506	\N	hjstephan86@gmail.com	30	1765526906614	1765526906614	1765373577000	1765526888000	\N	pitfall	563a1922-1b8a-4038-8143-f2917142d69d	306facf7-98ce-4eb5-8527-6eee6ca2c6b5	\\x0a0808661066181c201d1a206639356237306664633330383835363037333261356163313335363434353036	1	f	\N	\N	\N	CLEAR	f	f	\N
67cb3878-b1a5-4ab7-adad-922d268f01d0	f339c4d8-bd93-4bf5-97e7-c100423e7b38	MINOR	f	Use another way to initialize this instance.	119	\N	OPEN	\N	c10668f811d0c08989d997a55d063d67	\N	hjstephan86@gmail.com	5	1765526906614	1765526906614	1765373577000	1765526888000	\N	leak	563a1922-1b8a-4038-8143-f2917142d69d	306facf7-98ce-4eb5-8527-6eee6ca2c6b5	\\x0a080877107b183e20191a203839643339613938623966376666386663323735346333623538373961363661	2	f	\N	\N	\N	CLEAR	f	f	\N
4fa2a737-0bc1-4a39-b4a2-c944aa9005a8	becf8afa-31f6-4f74-b96c-3e03122f3840	MAJOR	f	Move the contents of this initializer to a standard constructor or to field initializers.	120	\N	OPEN	\N	f95b70fdc3088560732a5ac135644506	\N	hjstephan86@gmail.com	30	1765526906614	1765526906614	1765373577000	1765526888000	\N	pitfall	563a1922-1b8a-4038-8143-f2917142d69d	306facf7-98ce-4eb5-8527-6eee6ca2c6b5	\\x0a0808781078181c201d1a206639356237306664633330383835363037333261356163313335363434353036	1	f	\N	\N	\N	CLEAR	f	f	\N
70bdb5b3-efdf-4e37-a8c9-cb9b0f218a52	f339c4d8-bd93-4bf5-97e7-c100423e7b38	MINOR	f	Use another way to initialize this instance.	135	\N	OPEN	\N	c10668f811d0c08989d997a55d063d67	\N	hjstephan86@gmail.com	5	1765526906614	1765526906614	1765373577000	1765526888000	\N	leak	563a1922-1b8a-4038-8143-f2917142d69d	306facf7-98ce-4eb5-8527-6eee6ca2c6b5	\\x0a0a088701108d01183e20191a203164323265656230643762353239303262653037303361363566646132313631	2	f	\N	\N	\N	CLEAR	f	f	\N
6694a9de-42b8-40f1-92c7-b6e566bb3597	becf8afa-31f6-4f74-b96c-3e03122f3840	MAJOR	f	Move the contents of this initializer to a standard constructor or to field initializers.	136	\N	OPEN	\N	f95b70fdc3088560732a5ac135644506	\N	hjstephan86@gmail.com	30	1765526906614	1765526906614	1765373577000	1765526888000	\N	pitfall	563a1922-1b8a-4038-8143-f2917142d69d	306facf7-98ce-4eb5-8527-6eee6ca2c6b5	\\x0a0a088801108801181c201d1a206639356237306664633330383835363037333261356163313335363434353036	1	f	\N	\N	\N	CLEAR	f	f	\N
23327f78-4055-4103-bd22-48019e67b49f	f339c4d8-bd93-4bf5-97e7-c100423e7b38	MINOR	f	Use another way to initialize this instance.	145	\N	OPEN	\N	c10668f811d0c08989d997a55d063d67	\N	hjstephan86@gmail.com	5	1765526906614	1765526906614	1765373577000	1765526888000	\N	leak	563a1922-1b8a-4038-8143-f2917142d69d	306facf7-98ce-4eb5-8527-6eee6ca2c6b5	\\x0a0a089101109601183e20191a203766613433376564303439363939326463343130656564656330616266316564	2	f	\N	\N	\N	CLEAR	f	f	\N
9b5c97f6-9774-44e9-9845-e3c96766ec61	becf8afa-31f6-4f74-b96c-3e03122f3840	MAJOR	f	Move the contents of this initializer to a standard constructor or to field initializers.	146	\N	OPEN	\N	f95b70fdc3088560732a5ac135644506	\N	hjstephan86@gmail.com	30	1765526906614	1765526906614	1765373577000	1765526888000	\N	pitfall	563a1922-1b8a-4038-8143-f2917142d69d	306facf7-98ce-4eb5-8527-6eee6ca2c6b5	\\x0a0a089201109201181c201d1a206639356237306664633330383835363037333261356163313335363434353036	1	f	\N	\N	\N	CLEAR	f	f	\N
50feae9b-ca4d-467c-a181-c040a82d5190	f339c4d8-bd93-4bf5-97e7-c100423e7b38	MINOR	f	Use another way to initialize this instance.	154	\N	OPEN	\N	c10668f811d0c08989d997a55d063d67	\N	hjstephan86@gmail.com	5	1765526906614	1765526906614	1765373577000	1765526888000	\N	leak	563a1922-1b8a-4038-8143-f2917142d69d	306facf7-98ce-4eb5-8527-6eee6ca2c6b5	\\x0a0a089a01109e01183e20191a203236366633656530663438643434303563636130386465336430376363336631	2	f	\N	\N	\N	CLEAR	f	f	\N
8fefeae8-cf33-4edf-86ee-78078f0f4f5f	becf8afa-31f6-4f74-b96c-3e03122f3840	MAJOR	f	Move the contents of this initializer to a standard constructor or to field initializers.	155	\N	OPEN	\N	f95b70fdc3088560732a5ac135644506	\N	hjstephan86@gmail.com	30	1765526906614	1765526906614	1765373577000	1765526888000	\N	pitfall	563a1922-1b8a-4038-8143-f2917142d69d	306facf7-98ce-4eb5-8527-6eee6ca2c6b5	\\x0a0a089b01109b01181c201d1a206639356237306664633330383835363037333261356163313335363434353036	1	f	\N	\N	\N	CLEAR	f	f	\N
df05d68b-701e-4f78-a872-c0fe3ae96983	f339c4d8-bd93-4bf5-97e7-c100423e7b38	MINOR	f	Use another way to initialize this instance.	162	\N	OPEN	\N	c10668f811d0c08989d997a55d063d67	\N	hjstephan86@gmail.com	5	1765526906614	1765526906614	1765373577000	1765526888000	\N	leak	563a1922-1b8a-4038-8143-f2917142d69d	306facf7-98ce-4eb5-8527-6eee6ca2c6b5	\\x0a0a08a20110a601183e20191a203961343332643938333365613939653863353166323339376461303864613632	2	f	\N	\N	\N	CLEAR	f	f	\N
cdd9b59a-22c5-4d76-9a9a-6bfcac2e3036	becf8afa-31f6-4f74-b96c-3e03122f3840	MAJOR	f	Move the contents of this initializer to a standard constructor or to field initializers.	163	\N	OPEN	\N	f95b70fdc3088560732a5ac135644506	\N	hjstephan86@gmail.com	30	1765526906614	1765526906614	1765373577000	1765526888000	\N	pitfall	563a1922-1b8a-4038-8143-f2917142d69d	306facf7-98ce-4eb5-8527-6eee6ca2c6b5	\\x0a0a08a30110a301181c201d1a206639356237306664633330383835363037333261356163313335363434353036	1	f	\N	\N	\N	CLEAR	f	f	\N
9c0c5abf-4ac7-40bd-b11e-8863ae2a0ff3	3a2cc364-b210-4dea-a831-20eb7aabd01a	CRITICAL	f	Define a constant instead of duplicating this literal "error" 11 times.	60	11.00000000000000000000	OPEN	\N	ac9354b518a2f055975f0ba4f25506ed	\N	hjstephan86@gmail.com	24	1765526906614	1765526906614	1764768956000	1765526888000	\N	design	269b1227-c2fb-4b26-a48b-f156a1ffa144	306facf7-98ce-4eb5-8527-6eee6ca2c6b5	\\x0a08083c103c1823202a12190a171208083c103c1823202a1a0b4475706c69636174696f6e12190a171208084910491823202a1a0b4475706c69636174696f6e12190a171208085510551827202e1a0b4475706c69636174696f6e12190a171208085b105b1823202a1a0b4475706c69636174696f6e12190a171208086b106b1823202a1a0b4475706c69636174696f6e12190a171208087810781823202a1a0b4475706c69636174696f6e12190a171208087c107c1823202a1a0b4475706c69636174696f6e121b0a19120a088d01108d011823202a1a0b4475706c69636174696f6e121b0a19120a0891011091011823202a1a0b4475706c69636174696f6e121b0a19120a0895011095011823202a1a0b4475706c69636174696f6e121b0a19120a08cb0110cb011823202a1a0b4475706c69636174696f6e1a203636656563366263306464666533636638646461643730323135373538353665	1	f	\N	\N	\N	DISTINCT	f	f	\N
6731ac7f-9624-4505-bd6d-ec0fea4776a4	e07d1fa0-34e4-48ea-9352-abfd0dadd488	MAJOR	f	Remove this field injection and use constructor injection instead.	29	\N	OPEN	\N	18145a078634b6505680b6f89e3f9056	\N	hjstephan86@gmail.com	5	1765526906614	1765526906614	1764497191000	1765526888000	\N	\N	269b1227-c2fb-4b26-a48b-f156a1ffa144	306facf7-98ce-4eb5-8527-6eee6ca2c6b5	\\x0a08081d101d1804200b1a203138313435613037383633346236353035363830623666383965336639303536	1	f	\N	\N	\N	CONVENTIONAL	f	f	\N
c6c78791-4776-4a0d-b851-d28c9c99927c	161c94d4-0f3a-4ddb-bfa0-e1c3b625d242	MAJOR	f	Replace this usage of 'Stream.collect(Collectors.toList())' with 'Stream.toList()' and ensure that the list is unmodified.	55	\N	OPEN	\N	7fb4ca3bdafe94c1165e7816973e258a	\N	hjstephan86@gmail.com	5	1765526906614	1765526906614	1764592932000	1765526888000	\N	java16	269b1227-c2fb-4b26-a48b-f156a1ffa144	306facf7-98ce-4eb5-8527-6eee6ca2c6b5	\\x0a0808371037181d20301a206633316339353432663932643739376135376436663962616663613137396364	1	f	\N	\N	\N	CLEAR	f	f	\N
455d2bfc-44a3-4783-b482-679fb56e6d19	161c94d4-0f3a-4ddb-bfa0-e1c3b625d242	MAJOR	f	Replace this usage of 'Stream.collect(Collectors.toList())' with 'Stream.toList()' and ensure that the list is unmodified.	103	\N	OPEN	\N	7fb4ca3bdafe94c1165e7816973e258a	\N	hjstephan86@gmail.com	5	1765526906614	1765526906614	1764592932000	1765526888000	\N	java16	269b1227-c2fb-4b26-a48b-f156a1ffa144	306facf7-98ce-4eb5-8527-6eee6ca2c6b5	\\x0a0808671067181d20301a206633316339353432663932643739376135376436663962616663613137396364	1	f	\N	\N	\N	CLEAR	f	f	\N
9a81b321-8834-4745-bdf8-f50e90f45c67	743e7eaf-9160-4af4-91f3-89344b482c8c	MAJOR	f	Lambda should be used to defer string concatenation.	178	\N	OPEN	\N	d61063883c92fbca0f8537343d619f88	\N	hjstephan86@gmail.com	1	1765526906614	1765526906614	1765478429000	1765526888000	\N	cert,confusing	269b1227-c2fb-4b26-a48b-f156a1ffa144	306facf7-98ce-4eb5-8527-6eee6ca2c6b5	\\x0a0a08b20110b201180c205c1a203438623033303366643866643233646332663937366564666137373530306533	1	f	\N	\N	\N	LOGICAL	f	f	\N
07d2c714-055f-4963-855a-a91d43956da8	3a2cc364-b210-4dea-a831-20eb7aabd01a	CRITICAL	f	Define a constant instead of duplicating this literal "foreign key" 3 times.	179	3.00000000000000000000	OPEN	\N	1ef9ae4e6b064e9e9bea01abc1679bb5	\N	hjstephan86@gmail.com	8	1765526906614	1765526906614	1765478429000	1765526888000	\N	design	c415d382-9aa8-4d43-bdb3-d20c391ef6df	306facf7-98ce-4eb5-8527-6eee6ca2c6b5	\\x0a0a08b30110b3011841204e121b0a19120a08b30110b3011841204e1a0b4475706c69636174696f6e121b0a19120a08b70110b701184620531a0b4475706c69636174696f6e121b0a19120a08bb0110bb01182520321a0b4475706c69636174696f6e1a203235663064646130663230643430383539653333663561396636663538333534	1	f	\N	\N	\N	DISTINCT	f	f	\N
6681f5fe-c13b-40d6-a957-c3d40970d407	3a2cc364-b210-4dea-a831-20eb7aabd01a	CRITICAL	f	Define a constant instead of duplicating this literal "message" 6 times.	67	6.00000000000000000000	OPEN	\N	f147ab8a01757c7ee2e6d6e49a057ed4	\N	hjstephan86@gmail.com	14	1765526906614	1765526906614	1765478429000	1765526888000	\N	design	c415d382-9aa8-4d43-bdb3-d20c391ef6df	306facf7-98ce-4eb5-8527-6eee6ca2c6b5	\\x0a08084310431828203112190a17120808431043182820311a0b4475706c69636174696f6e12190a171208085610561824202d1a0b4475706c69636174696f6e121b0a19120a089601109601181c20251a0b4475706c69636174696f6e121b0a19120a08a00110a001181c20251a0b4475706c69636174696f6e121b0a19120a08aa0110aa01181c20251a0b4475706c69636174696f6e121b0a19120a08ca0110ca01181c20251a0b4475706c69636174696f6e1a203930343063613962666530613463333866383131343039303466623964623964	1	f	\N	\N	\N	DISTINCT	f	f	\N
70cd12e8-9761-455b-9558-d080428a6227	e07d1fa0-34e4-48ea-9352-abfd0dadd488	MAJOR	f	Remove this field injection and use constructor injection instead.	27	\N	OPEN	\N	18145a078634b6505680b6f89e3f9056	\N	hjstephan86@gmail.com	5	1765526906614	1765526906614	1763988851000	1765526888000	\N	\N	c415d382-9aa8-4d43-bdb3-d20c391ef6df	306facf7-98ce-4eb5-8527-6eee6ca2c6b5	\\x0a08081b101b1804200b1a203138313435613037383633346236353035363830623666383965336639303536	1	f	\N	\N	\N	CONVENTIONAL	f	f	\N
2aff1c8e-95b5-48f5-b065-227061823854	f339c4d8-bd93-4bf5-97e7-c100423e7b38	MINOR	f	Use another way to initialize this instance.	65	\N	OPEN	\N	c10668f811d0c08989d997a55d063d67	\N	hjstephan86@gmail.com	5	1765526906614	1765526906614	1765373577000	1765526888000	\N	leak	c415d382-9aa8-4d43-bdb3-d20c391ef6df	306facf7-98ce-4eb5-8527-6eee6ca2c6b5	\\x0a08084110451842201d1a203230356561316466303762633764336637393930306530336135386335306464	2	f	\N	\N	\N	CLEAR	f	f	\N
c1510084-408e-4f2d-a3e3-822088f60a26	becf8afa-31f6-4f74-b96c-3e03122f3840	MAJOR	f	Move the contents of this initializer to a standard constructor or to field initializers.	66	\N	OPEN	\N	f95b70fdc3088560732a5ac135644506	\N	hjstephan86@gmail.com	30	1765526906614	1765526906614	1765373577000	1765526888000	\N	pitfall	c415d382-9aa8-4d43-bdb3-d20c391ef6df	306facf7-98ce-4eb5-8527-6eee6ca2c6b5	\\x0a0808421042182020211a206639356237306664633330383835363037333261356163313335363434353036	1	f	\N	\N	\N	CLEAR	f	f	\N
0b33af90-f68a-45d7-ab37-152159c02a70	f339c4d8-bd93-4bf5-97e7-c100423e7b38	MINOR	f	Use another way to initialize this instance.	84	\N	OPEN	\N	c10668f811d0c08989d997a55d063d67	\N	hjstephan86@gmail.com	5	1765526906614	1765526906614	1765373577000	1765526888000	\N	leak	c415d382-9aa8-4d43-bdb3-d20c391ef6df	306facf7-98ce-4eb5-8527-6eee6ca2c6b5	\\x0a0808541058183e20191a203230356561316466303762633764336637393930306530336135386335306464	2	f	\N	\N	\N	CLEAR	f	f	\N
bfe9601e-3b8b-434f-8779-b01f5b043097	becf8afa-31f6-4f74-b96c-3e03122f3840	MAJOR	f	Move the contents of this initializer to a standard constructor or to field initializers.	85	\N	OPEN	\N	f95b70fdc3088560732a5ac135644506	\N	hjstephan86@gmail.com	30	1765526906614	1765526906614	1765373577000	1765526888000	\N	pitfall	c415d382-9aa8-4d43-bdb3-d20c391ef6df	306facf7-98ce-4eb5-8527-6eee6ca2c6b5	\\x0a0808551055181c201d1a206639356237306664633330383835363037333261356163313335363434353036	1	f	\N	\N	\N	CLEAR	f	f	\N
3fb5bdbe-d1ed-4250-91e7-9f02c655f559	f339c4d8-bd93-4bf5-97e7-c100423e7b38	MINOR	f	Use another way to initialize this instance.	148	\N	OPEN	\N	c10668f811d0c08989d997a55d063d67	\N	hjstephan86@gmail.com	5	1765526906614	1765526906614	1765478429000	1765526888000	\N	leak	c415d382-9aa8-4d43-bdb3-d20c391ef6df	306facf7-98ce-4eb5-8527-6eee6ca2c6b5	\\x0a0a089401109801183620111a206434373362353636336438623436666334313866366233333038323534663465	2	f	\N	\N	\N	CLEAR	f	f	\N
31740f5f-9703-415e-b420-70d05c4d6401	becf8afa-31f6-4f74-b96c-3e03122f3840	MAJOR	f	Move the contents of this initializer to a standard constructor or to field initializers.	149	\N	OPEN	\N	f95b70fdc3088560732a5ac135644506	\N	hjstephan86@gmail.com	30	1765526906614	1765526906614	1765373577000	1765526888000	\N	pitfall	c415d382-9aa8-4d43-bdb3-d20c391ef6df	306facf7-98ce-4eb5-8527-6eee6ca2c6b5	\\x0a0a089501109501181420151a206639356237306664633330383835363037333261356163313335363434353036	1	f	\N	\N	\N	CLEAR	f	f	\N
15b74a30-db46-47bf-90fe-292596eeb8a7	f339c4d8-bd93-4bf5-97e7-c100423e7b38	MINOR	f	Use another way to initialize this instance.	158	\N	OPEN	\N	c10668f811d0c08989d997a55d063d67	\N	hjstephan86@gmail.com	5	1765526906614	1765526906614	1765478429000	1765526888000	\N	leak	c415d382-9aa8-4d43-bdb3-d20c391ef6df	306facf7-98ce-4eb5-8527-6eee6ca2c6b5	\\x0a0a089e0110a201183620111a206434373362353636336438623436666334313866366233333038323534663465	2	f	\N	\N	\N	CLEAR	f	f	\N
b60b9e30-f77a-49ac-b3bb-56b2994e100e	becf8afa-31f6-4f74-b96c-3e03122f3840	MAJOR	f	Move the contents of this initializer to a standard constructor or to field initializers.	159	\N	OPEN	\N	f95b70fdc3088560732a5ac135644506	\N	hjstephan86@gmail.com	30	1765526906614	1765526906614	1765373577000	1765526888000	\N	pitfall	c415d382-9aa8-4d43-bdb3-d20c391ef6df	306facf7-98ce-4eb5-8527-6eee6ca2c6b5	\\x0a0a089f01109f01181420151a206639356237306664633330383835363037333261356163313335363434353036	1	f	\N	\N	\N	CLEAR	f	f	\N
8afe9d82-22fc-4617-8e1f-b15375551ca8	f339c4d8-bd93-4bf5-97e7-c100423e7b38	MINOR	f	Use another way to initialize this instance.	168	\N	OPEN	\N	c10668f811d0c08989d997a55d063d67	\N	hjstephan86@gmail.com	5	1765526906614	1765526906614	1765478429000	1765526888000	\N	leak	c415d382-9aa8-4d43-bdb3-d20c391ef6df	306facf7-98ce-4eb5-8527-6eee6ca2c6b5	\\x0a0a08a80110ac01183620111a206434373362353636336438623436666334313866366233333038323534663465	2	f	\N	\N	\N	CLEAR	f	f	\N
8bb1fc22-00d3-4971-bbcf-491c5261a55b	becf8afa-31f6-4f74-b96c-3e03122f3840	MAJOR	f	Move the contents of this initializer to a standard constructor or to field initializers.	169	\N	OPEN	\N	f95b70fdc3088560732a5ac135644506	\N	hjstephan86@gmail.com	30	1765526906614	1765526906614	1765373577000	1765526888000	\N	pitfall	c415d382-9aa8-4d43-bdb3-d20c391ef6df	306facf7-98ce-4eb5-8527-6eee6ca2c6b5	\\x0a0a08a90110a901181420151a206639356237306664633330383835363037333261356163313335363434353036	1	f	\N	\N	\N	CLEAR	f	f	\N
ce0beb45-0dde-479c-86f1-04f8bd58b0f8	f339c4d8-bd93-4bf5-97e7-c100423e7b38	MINOR	f	Use another way to initialize this instance.	200	\N	OPEN	\N	c10668f811d0c08989d997a55d063d67	\N	hjstephan86@gmail.com	5	1765526906614	1765526906614	1765478429000	1765526888000	\N	leak	c415d382-9aa8-4d43-bdb3-d20c391ef6df	306facf7-98ce-4eb5-8527-6eee6ca2c6b5	\\x0a0a08c80110cd01183620111a206363333163623233623835303239626334333435616436613234316230326165	2	f	\N	\N	\N	CLEAR	f	f	\N
e258ab67-e2dc-464e-9f82-b3e3fba41b71	becf8afa-31f6-4f74-b96c-3e03122f3840	MAJOR	f	Move the contents of this initializer to a standard constructor or to field initializers.	201	\N	OPEN	\N	f95b70fdc3088560732a5ac135644506	\N	hjstephan86@gmail.com	30	1765526906614	1765526906614	1765478429000	1765526888000	\N	pitfall	c415d382-9aa8-4d43-bdb3-d20c391ef6df	306facf7-98ce-4eb5-8527-6eee6ca2c6b5	\\x0a0a08c90110c901181420151a206639356237306664633330383835363037333261356163313335363434353036	1	f	\N	\N	\N	CLEAR	f	f	\N
056d0f73-3a62-40c0-8290-83592c7be38d	e07d1fa0-34e4-48ea-9352-abfd0dadd488	MAJOR	f	Remove this field injection and use constructor injection instead.	23	\N	OPEN	\N	18145a078634b6505680b6f89e3f9056	\N	hjstephan86@gmail.com	5	1765526906614	1765526906614	1763988851000	1765526888000	\N	\N	a2276025-46ce-4d1d-93ba-5ffa0ab287ea	306facf7-98ce-4eb5-8527-6eee6ca2c6b5	\\x0a08081710171804200b1a203138313435613037383633346236353035363830623666383965336639303536	1	f	\N	\N	\N	CONVENTIONAL	f	f	\N
63fc9588-ddbb-4913-b5d4-3fa265cf1a9d	e07d1fa0-34e4-48ea-9352-abfd0dadd488	MAJOR	f	Remove this field injection and use constructor injection instead.	26	\N	OPEN	\N	18145a078634b6505680b6f89e3f9056	\N	hjstephan86@gmail.com	5	1765526906614	1765526906614	1763988851000	1765526888000	\N	\N	a2276025-46ce-4d1d-93ba-5ffa0ab287ea	306facf7-98ce-4eb5-8527-6eee6ca2c6b5	\\x0a08081a101a1804200b1a203138313435613037383633346236353035363830623666383965336639303536	1	f	\N	\N	\N	CONVENTIONAL	f	f	\N
bdbdee64-0197-4f45-89d4-68a69b26e833	2dfb0708-a849-4599-a122-2cc90625b4c2	MINOR	f	Reduce the total number of break and continue statements in this loop to use at most one.	150	2.00000000000000000000	OPEN	\N	b4152af84f9ceefb817b681debbd525e	\N	hjstephan86@gmail.com	40	1765526906614	1765526906614	1764768956000	1765526888000	\N	brain-overload	52b6fe78-78f9-466a-8b83-d3396fdff628	306facf7-98ce-4eb5-8527-6eee6ca2c6b5	\\x0a0a0896011096011808200b12250a23120a089801109801181020191a1522636f6e74696e7565222073746174656d656e742e12250a23120a089d01109d01181020191a1522636f6e74696e7565222073746174656d656e742e12250a23120a08a20110a201181020191a1522636f6e74696e7565222073746174656d656e742e1a206435353636393832326631613863663732656331393131653436326135346562	1	f	\N	\N	\N	FOCUSED	f	f	\N
84561c42-2f95-4161-9adf-204acf025b7e	3a2cc364-b210-4dea-a831-20eb7aabd01a	CRITICAL	f	Define a constant instead of duplicating this literal "Rechnung nicht gefunden" 3 times.	57	3.00000000000000000000	OPEN	\N	a5615f96bd5295b6cee87601e42efafd	\N	hjstephan86@gmail.com	8	1765526906614	1765526906614	1764748968000	1765526888000	\N	design	52b6fe78-78f9-466a-8b83-d3396fdff628	306facf7-98ce-4eb5-8527-6eee6ca2c6b5	\\x0a08083910391840205912190a17120808391039184020591a0b4475706c69636174696f6e12190a17120808511051184020591a0b4475706c69636174696f6e12190a17120808571057184020591a0b4475706c69636174696f6e1a203566346431663834373335353438356135356436656362373863316561366435	1	f	\N	\N	\N	DISTINCT	f	f	\N
275fd677-daae-4b7e-8e9b-2cee8664526f	e07d1fa0-34e4-48ea-9352-abfd0dadd488	MAJOR	f	Remove this field injection and use constructor injection instead.	25	\N	OPEN	\N	18145a078634b6505680b6f89e3f9056	\N	hjstephan86@gmail.com	5	1765526906614	1765526906614	1764497191000	1765526888000	\N	\N	52b6fe78-78f9-466a-8b83-d3396fdff628	306facf7-98ce-4eb5-8527-6eee6ca2c6b5	\\x0a08081910191804200b1a203138313435613037383633346236353035363830623666383965336639303536	1	f	\N	\N	\N	CONVENTIONAL	f	f	\N
5f5498e9-25af-4a3e-9ce5-535d7631f8f3	e07d1fa0-34e4-48ea-9352-abfd0dadd488	MAJOR	f	Remove this field injection and use constructor injection instead.	28	\N	OPEN	\N	18145a078634b6505680b6f89e3f9056	\N	hjstephan86@gmail.com	5	1765526906614	1765526906614	1764748968000	1765526888000	\N	\N	52b6fe78-78f9-466a-8b83-d3396fdff628	306facf7-98ce-4eb5-8527-6eee6ca2c6b5	\\x0a08081c101c1804200b1a203138313435613037383633346236353035363830623666383965336639303536	1	f	\N	\N	\N	CONVENTIONAL	f	f	\N
e75ed688-bc7e-4104-9b91-cba78a11119a	e07d1fa0-34e4-48ea-9352-abfd0dadd488	MAJOR	f	Remove this field injection and use constructor injection instead.	31	\N	OPEN	\N	18145a078634b6505680b6f89e3f9056	\N	hjstephan86@gmail.com	5	1765526906614	1765526906614	1764497191000	1765526888000	\N	\N	52b6fe78-78f9-466a-8b83-d3396fdff628	306facf7-98ce-4eb5-8527-6eee6ca2c6b5	\\x0a08081f101f1804200b1a203138313435613037383633346236353035363830623666383965336639303536	1	f	\N	\N	\N	CONVENTIONAL	f	f	\N
ebe337c4-50a7-4bff-8203-1891ec1e10ae	caf916ba-9427-435c-be02-241db1e2b33e	MAJOR	f	The return value of "size" must be used.	94	\N	OPEN	\N	698be254d49bf9195256e8ab5071137d	\N	hjstephan86@gmail.com	10	1765526906614	1765526906614	1764748968000	1765526888000	\N	cert	52b6fe78-78f9-466a-8b83-d3396fdff628	306facf7-98ce-4eb5-8527-6eee6ca2c6b5	\\x0a08085e105e183520391a206637626436306237356232396437396236363061323835393339356331613234	2	f	\N	\N	\N	LOGICAL	f	f	\N
e9db3d84-d53d-4c65-bb77-e5c2eb79da6c	035ae3f9-af50-43b6-95d8-998a6e18b4c4	CRITICAL	f	Make sure that using this pseudorandom number generator is safe here.	132	\N	TO_REVIEW	\N	d93273e4d84f86ef6a01381ecc03ccb1	\N	hjstephan86@gmail.com	10	1765526906614	1765526906614	1764768956000	1765526888000	\N	cwe	52b6fe78-78f9-466a-8b83-d3396fdff628	306facf7-98ce-4eb5-8527-6eee6ca2c6b5	\\x0a0a088401108401182d20341a203433623563393137353938346330373166333062383733666463653061303030	4	f	\N	\N	\N	CONVENTIONAL	f	f	\N
c438dc01-2b70-4ceb-94bd-cec8b6f1d61b	e07d1fa0-34e4-48ea-9352-abfd0dadd488	MAJOR	f	Remove this field injection and use constructor injection instead.	24	\N	OPEN	\N	18145a078634b6505680b6f89e3f9056	\N	hjstephan86@gmail.com	5	1765526906614	1765526906614	1763988851000	1765526888000	\N	\N	6ae0ce37-7542-4985-ba0d-c980ee104664	306facf7-98ce-4eb5-8527-6eee6ca2c6b5	\\x0a08081810181804200b1a203138313435613037383633346236353035363830623666383965336639303536	1	f	\N	\N	\N	CONVENTIONAL	f	f	\N
652e343d-42df-45e4-8265-dc64f4f2ae42	e07d1fa0-34e4-48ea-9352-abfd0dadd488	MAJOR	f	Remove this field injection and use constructor injection instead.	27	\N	OPEN	\N	18145a078634b6505680b6f89e3f9056	\N	hjstephan86@gmail.com	5	1765526906614	1765526906614	1763988851000	1765526888000	\N	\N	6ae0ce37-7542-4985-ba0d-c980ee104664	306facf7-98ce-4eb5-8527-6eee6ca2c6b5	\\x0a08081b101b1804200b1a203138313435613037383633346236353035363830623666383965336639303536	1	f	\N	\N	\N	CONVENTIONAL	f	f	\N
9018c857-f877-4b3d-8f15-5e6c6f801ccb	e07d1fa0-34e4-48ea-9352-abfd0dadd488	MAJOR	f	Remove this field injection and use constructor injection instead.	30	\N	OPEN	\N	18145a078634b6505680b6f89e3f9056	\N	hjstephan86@gmail.com	5	1765526906614	1765526906614	1763988851000	1765526888000	\N	\N	6ae0ce37-7542-4985-ba0d-c980ee104664	306facf7-98ce-4eb5-8527-6eee6ca2c6b5	\\x0a08081e101e1804200b1a203138313435613037383633346236353035363830623666383965336639303536	1	f	\N	\N	\N	CONVENTIONAL	f	f	\N
c1dc044a-da3f-4fce-b406-b577de33235f	caf916ba-9427-435c-be02-241db1e2b33e	MAJOR	f	The return value of "size" must be used.	45	\N	OPEN	\N	6c2299063d4c5dddd57c46a537238605	\N	hjstephan86@gmail.com	10	1765526906614	1765526906614	1764252733000	1765526888000	\N	cert	6ae0ce37-7542-4985-ba0d-c980ee104664	306facf7-98ce-4eb5-8527-6eee6ca2c6b5	\\x0a08082d102d1827202b1a206637626436306237356232396437396236363061323835393339356331613234	2	f	\N	\N	\N	LOGICAL	f	f	\N
ba98c39c-a1c0-41b0-b102-d42667ec84d4	9fabb7a9-be73-43e6-9367-26e27269d237	MAJOR	f	Replace generic exceptions with specific library exceptions or a custom exception.	31	\N	OPEN	\N	e71c9370dc3e6a494dff4366cfd8d56d	\N	hjstephan86@gmail.com	20	1765526906614	1765526906614	1764497191000	1765526888000	\N	cwe,error-handling,cert	1539e0e9-c6f7-48f4-b837-936d1bd8bdf6	306facf7-98ce-4eb5-8527-6eee6ca2c6b5	\\x0a08081f101f1842204b1a206230643439393861323666356235373432616433386334616638383137653332	1	f	\N	\N	\N	COMPLETE	f	f	\N
9be81768-662d-40c9-8280-e084442b6197	ab8ce44d-42b4-4fa1-b205-20691224daff	CRITICAL	f	Make sure the regex used here, which is vulnerable to super-linear runtime due to backtracking, cannot lead to denial of service.	9	\N	TO_REVIEW	\N	bc9fd2d1180bb2d30b0d191c65d3ed04	\N	hjstephan86@gmail.com	30	1765526906614	1765526906614	1764940411000	1765526888000	\N	cwe,regex,type-dependent	db945465-bf45-4434-aff8-3c410bc0cf88	306facf7-98ce-4eb5-8527-6eee6ca2c6b5	\\x0a0808091009180f202e1a203138313331306534386434393438336663323130333137323536306561316535	4	f	\N	\N	\N	CONVENTIONAL	f	f	\N
5866f2ae-f269-4cbb-9b46-2d1595c403b9	b1f7b513-5978-40cd-94b8-5d50807b9a88	MAJOR	f	Unnecessary escape character: \\+.	10	\N	OPEN	\N	29f4957e0e94184e44bdefa69fd916df	\N	hjstephan86@gmail.com	5	1765526906614	1765526906614	1764940411000	1765526888000	\N	\N	db945465-bf45-4434-aff8-3c410bc0cf88	306facf7-98ce-4eb5-8527-6eee6ca2c6b5	\\x0a08080a100a181820191a203238643339376538373330366238363331663365643830643835386433356630	1	t	\N	\N	\N	CLEAR	f	f	\N
0f8f02b8-6105-47e2-9e3b-e1f379a817e8	b1f7b513-5978-40cd-94b8-5d50807b9a88	MAJOR	f	Unnecessary escape character: \\(.	10	\N	OPEN	\N	29f4957e0e94184e44bdefa69fd916df	\N	hjstephan86@gmail.com	5	1765526906614	1765526906614	1764940411000	1765526888000	\N	\N	db945465-bf45-4434-aff8-3c410bc0cf88	306facf7-98ce-4eb5-8527-6eee6ca2c6b5	\\x0a08080a100a181a201b1a203238643339376538373330366238363331663365643830643835386433356630	1	t	\N	\N	\N	CLEAR	f	f	\N
6c3c3731-f57e-43cd-bf6b-6bb03fb5ec33	b1f7b513-5978-40cd-94b8-5d50807b9a88	MAJOR	f	Unnecessary escape character: \\).	10	\N	OPEN	\N	29f4957e0e94184e44bdefa69fd916df	\N	hjstephan86@gmail.com	5	1765526906614	1765526906614	1764940411000	1765526888000	\N	\N	db945465-bf45-4434-aff8-3c410bc0cf88	306facf7-98ce-4eb5-8527-6eee6ca2c6b5	\\x0a08080a100a181c201d1a203238643339376538373330366238363331663365643830643835386433356630	1	t	\N	\N	\N	CLEAR	f	f	\N
1993c2f8-0274-47a9-a854-6eb25bfcde4b	b1f7b513-5978-40cd-94b8-5d50807b9a88	MAJOR	f	Unnecessary escape character: \\..	14	\N	OPEN	\N	7645f8b119e8186528e7ecc4193f883c	\N	hjstephan86@gmail.com	5	1765526906614	1765526906614	1764940411000	1765526888000	\N	\N	db945465-bf45-4434-aff8-3c410bc0cf88	306facf7-98ce-4eb5-8527-6eee6ca2c6b5	\\x0a08080e100e182420251a203238643339376538373330366238363331663365643830643835386433356630	1	t	\N	\N	\N	CLEAR	f	f	\N
386e9365-8ed8-4e98-bd64-bebb9503663d	f734337b-9444-4fc4-8f77-1b9f5a91516f	MINOR	f	Prefer `Number.isNaN` over `isNaN`.	166	\N	OPEN	\N	025542fd7a7605dd4a7bd939a3edb0f8	\N	hjstephan86@gmail.com	2	1765526906614	1765526906614	1764940411000	1765526888000	\N	convention,es2015	db945465-bf45-4434-aff8-3c410bc0cf88	306facf7-98ce-4eb5-8527-6eee6ca2c6b5	\\x0a0a08a60110a601181020151a203232663839353337333434663134356433626666346637353335393962383436	1	t	\N	\N	\N	CONVENTIONAL	f	f	\N
f5071ac3-c7d7-4ae8-b088-08eea6f7906d	f734337b-9444-4fc4-8f77-1b9f5a91516f	MINOR	f	Prefer `Number.parseFloat` over `parseFloat`.	289	\N	OPEN	\N	0bb95d669fca72152dc862e532ea9de7	\N	hjstephan86@gmail.com	2	1765526906614	1765526906614	1764940411000	1765526888000	\N	convention,es2015	db945465-bf45-4434-aff8-3c410bc0cf88	306facf7-98ce-4eb5-8527-6eee6ca2c6b5	\\x0a0a08a10210a102181a20241a203030616565633736376634626235616463643964373735663563363431346161	1	f	\N	\N	\N	CONVENTIONAL	f	f	\N
49137c30-9339-4334-ac7f-8db820dfec2e	f734337b-9444-4fc4-8f77-1b9f5a91516f	MINOR	f	Prefer `Number.parseInt` over `parseInt`.	318	\N	OPEN	\N	dfcdd600d1727522a479ea14b7123092	\N	hjstephan86@gmail.com	2	1765526906614	1765526906614	1764940411000	1765526888000	\N	convention,es2015	db945465-bf45-4434-aff8-3c410bc0cf88	306facf7-98ce-4eb5-8527-6eee6ca2c6b5	\\x0a0a08be0210be02181820201a203163343035316235383234313566383635326338633336316138393830666330	1	f	\N	\N	\N	CONVENTIONAL	f	f	\N
874bd693-448a-40ad-a019-079d4cea4469	f734337b-9444-4fc4-8f77-1b9f5a91516f	MINOR	f	Prefer `Number.parseInt` over `parseInt`.	447	\N	OPEN	\N	a5badf6cfeb8d5a23321bed32bb33edd	\N	hjstephan86@gmail.com	2	1765526906614	1765526906614	1764940411000	1765526888000	\N	convention,es2015	db945465-bf45-4434-aff8-3c410bc0cf88	306facf7-98ce-4eb5-8527-6eee6ca2c6b5	\\x0a0a08bf0310bf03181e20261a203163343035316235383234313566383635326338633336316138393830666330	1	f	\N	\N	\N	CONVENTIONAL	f	f	\N
f65ea41a-8d47-4459-9434-2bd33e8d0bc4	f734337b-9444-4fc4-8f77-1b9f5a91516f	MINOR	f	Prefer `Number.isNaN` over `isNaN`.	448	\N	OPEN	\N	f142c0e406179ab069923801d8204099	\N	hjstephan86@gmail.com	2	1765526906614	1765526906614	1764940411000	1765526888000	\N	convention,es2015	db945465-bf45-4434-aff8-3c410bc0cf88	306facf7-98ce-4eb5-8527-6eee6ca2c6b5	\\x0a0a08c00310c0031829202e1a203232663839353337333434663134356433626666346637353335393962383436	1	t	\N	\N	\N	CONVENTIONAL	f	f	\N
0c5cb633-be48-432e-a5f4-8e95cab6a2be	00083808-f8d2-4829-8509-bd7965662123	CRITICAL	f	Refactor this function to reduce its Cognitive Complexity from 18 to the 15 allowed.	468	3.00000000000000000000	OPEN	\N	e28dc143b01fc017a5f4e6e3d2d6b596	\N	hjstephan86@gmail.com	8	1765526906614	1765526906614	1764940411000	1765526888000	\N	brain-overload	db945465-bf45-4434-aff8-3c410bc0cf88	306facf7-98ce-4eb5-8527-6eee6ca2c6b5	\\x0a0a08d40310d403181d201f12120a10120a08d90310d903180c200e1a022b3112120a10120a08db0310db03181320151a022b3112120a10120a08dd0310dd03181320151a022b3112120a10120a08df0310df03181320151a022b3112120a10120a08e10310e103181320151a022b3112120a10120a08e30310e303181320151a022b3112120a10120a08e50310e503181320151a022b3112120a10120a08e70310e703181320151a022b3112120a10120a08e90310e903181320151a022b3112120a10120a08eb0310eb03181320151a022b3112280a26120a08ec0310ec03181020121a182b322028696e636c2e203120666f72206e657374696e672912120a10120a08ee0310ee03181220161a022b3112120a10120a08f10310f103181320151a022b3112280a26120a08f20310f203181020121a182b322028696e636c2e203120666f72206e657374696e672912120a10120a08f40310f403181220161a022b3112120a10120a08f90310f903180c200e1a022b311a203436376131633865313233326266326162383565646630626130396139623735	1	f	\N	\N	\N	FOCUSED	f	f	\N
9ca5f2c5-07f7-47b9-818d-a94f6b05d626	dfe292a3-6f3d-496c-9a99-9fb959d83912	MINOR	f	Prefer `globalThis` over `window`.	529	\N	OPEN	\N	3f51b045c973c0dd0d6ce7c40c68edb9	\N	hjstephan86@gmail.com	2	1765526906614	1765526906614	1764940411000	1765526888000	\N	portability,es2020	db945465-bf45-4434-aff8-3c410bc0cf88	306facf7-98ce-4eb5-8527-6eee6ca2c6b5	\\x0a0a089104109104180020061a203035623863373463626439366662663264653463316133353237303266626634	1	t	\N	\N	\N	CONVENTIONAL	f	f	\N
a27d34e3-bb24-47aa-b4ea-d16fabd452f2	bfc91cc6-c21f-4c3e-b4b7-ee2b8e70b912	MINOR	f	Make sure not using resource integrity feature is safe here.	8	\N	TO_REVIEW	\N	1631ecc33db6ed11fcb0de1dfe06f9b3	\N	hjstephan86@gmail.com	5	1765526906614	1765526906614	1764592932000	1765526888000	\N	cwe	c959b1a7-c7aa-42c4-9f6f-03bd0517b5c9	306facf7-98ce-4eb5-8527-6eee6ca2c6b5	\\x0a08080810081804202e1a203034393632363862666437336531623864346165633062376561386637626465	4	f	\N	\N	\N	CONVENTIONAL	f	f	\N
f9f21aba-057c-484a-8dca-3fd921402c1e	3e037de2-ad82-4687-8ff6-5fbd659b54ac	MAJOR	f	A form label must be associated with a control.	123	\N	OPEN	\N	2d9d94f773d6c524cf20263a309327df	\N	hjstephan86@gmail.com	5	1765526906614	1765526906614	1764871273000	1765526888000	\N	accessibility	c959b1a7-c7aa-42c4-9f6f-03bd0517b5c9	306facf7-98ce-4eb5-8527-6eee6ca2c6b5	\\x0a08087b107b1820204e1a203533326437653064656164356364346330643931356430363963646262656230	1	f	\N	\N	\N	LOGICAL	f	f	\N
e3447b7e-4cbf-4265-855b-c4c617dcbe46	3e037de2-ad82-4687-8ff6-5fbd659b54ac	MAJOR	f	A form label must be associated with a control.	128	\N	OPEN	\N	621b499e5b68ad8df85b20e26ac654ef	\N	hjstephan86@gmail.com	5	1765526906614	1765526906614	1764592932000	1765526888000	\N	accessibility	c959b1a7-c7aa-42c4-9f6f-03bd0517b5c9	306facf7-98ce-4eb5-8527-6eee6ca2c6b5	\\x0a0a0880011080011820204e1a203533326437653064656164356364346330643931356430363963646262656230	1	f	\N	\N	\N	LOGICAL	f	f	\N
ab2b5c13-5bb1-43ca-ad36-e52c5adbe478	3e037de2-ad82-4687-8ff6-5fbd659b54ac	MAJOR	f	A form label must be associated with a control.	133	\N	OPEN	\N	75edb85d10b1001b599dc4ffb8993ee0	\N	hjstephan86@gmail.com	5	1765526906614	1765526906614	1764592932000	1765526888000	\N	accessibility	c959b1a7-c7aa-42c4-9f6f-03bd0517b5c9	306facf7-98ce-4eb5-8527-6eee6ca2c6b5	\\x0a0a0885011085011820204e1a203533326437653064656164356364346330643931356430363963646262656230	1	f	\N	\N	\N	LOGICAL	f	f	\N
ae9873a0-7e1c-4a82-a3f6-da054a04f768	3e037de2-ad82-4687-8ff6-5fbd659b54ac	MAJOR	f	A form label must be associated with a control.	138	\N	OPEN	\N	5e520dd5d020efa5e312396d2a9d8e7a	\N	hjstephan86@gmail.com	5	1765526906614	1765526906614	1764871273000	1765526888000	\N	accessibility	c959b1a7-c7aa-42c4-9f6f-03bd0517b5c9	306facf7-98ce-4eb5-8527-6eee6ca2c6b5	\\x0a0a088a01108a011820204e1a203533326437653064656164356364346330643931356430363963646262656230	1	f	\N	\N	\N	LOGICAL	f	f	\N
af4322a9-481e-465e-9d87-25b59040d117	3e037de2-ad82-4687-8ff6-5fbd659b54ac	MAJOR	f	A form label must be associated with a control.	146	\N	OPEN	\N	2064de5783fc50c3c4c7524ae335e8b3	\N	hjstephan86@gmail.com	5	1765526906614	1765526906614	1764871273000	1765526888000	\N	accessibility	c959b1a7-c7aa-42c4-9f6f-03bd0517b5c9	306facf7-98ce-4eb5-8527-6eee6ca2c6b5	\\x0a0a0892011092011820204e1a203533326437653064656164356364346330643931356430363963646262656230	1	f	\N	\N	\N	LOGICAL	f	f	\N
c64eea69-3c69-4f98-b1d7-a3f4446f55b8	3e037de2-ad82-4687-8ff6-5fbd659b54ac	MAJOR	f	A form label must be associated with a control.	151	\N	OPEN	\N	edfea11179ed7aa6cda8c9ca4cccc5d3	\N	hjstephan86@gmail.com	5	1765526906614	1765526906614	1764871273000	1765526888000	\N	accessibility	c959b1a7-c7aa-42c4-9f6f-03bd0517b5c9	306facf7-98ce-4eb5-8527-6eee6ca2c6b5	\\x0a0a0897011097011820204e1a203533326437653064656164356364346330643931356430363963646262656230	1	f	\N	\N	\N	LOGICAL	f	f	\N
6fd2249c-2ab8-4c75-b5de-35959247f460	3e037de2-ad82-4687-8ff6-5fbd659b54ac	MAJOR	f	A form label must be associated with a control.	156	\N	OPEN	\N	ed68aa69112113743b469bab4fac41e0	\N	hjstephan86@gmail.com	5	1765526906614	1765526906614	1764871273000	1765526888000	\N	accessibility	c959b1a7-c7aa-42c4-9f6f-03bd0517b5c9	306facf7-98ce-4eb5-8527-6eee6ca2c6b5	\\x0a0a089c01109c011820204e1a203533326437653064656164356364346330643931356430363963646262656230	1	f	\N	\N	\N	LOGICAL	f	f	\N
bff8af45-3d01-468a-a69c-f0ab8df72ab4	3e037de2-ad82-4687-8ff6-5fbd659b54ac	MAJOR	f	A form label must be associated with a control.	161	\N	OPEN	\N	8c36634db4147bb189f8b5ee97ec4bda	\N	hjstephan86@gmail.com	5	1765526906614	1765526906614	1764871273000	1765526888000	\N	accessibility	c959b1a7-c7aa-42c4-9f6f-03bd0517b5c9	306facf7-98ce-4eb5-8527-6eee6ca2c6b5	\\x0a0a08a10110a1011820204e1a203533326437653064656164356364346330643931356430363963646262656230	1	f	\N	\N	\N	LOGICAL	f	f	\N
e830aa44-9b33-4124-930d-657988ef4c98	3e037de2-ad82-4687-8ff6-5fbd659b54ac	MAJOR	f	A form label must be associated with a control.	168	\N	OPEN	\N	90d8c231cda93fc88e82119fc8793dcf	\N	hjstephan86@gmail.com	5	1765526906614	1765526906614	1764905436000	1765526888000	\N	accessibility	c959b1a7-c7aa-42c4-9f6f-03bd0517b5c9	306facf7-98ce-4eb5-8527-6eee6ca2c6b5	\\x0a0a08a80110a8011820204e1a203533326437653064656164356364346330643931356430363963646262656230	1	f	\N	\N	\N	LOGICAL	f	f	\N
933d612e-a874-480c-9fc4-eb8eebeebcbb	3e037de2-ad82-4687-8ff6-5fbd659b54ac	MAJOR	f	A form label must be associated with a control.	173	\N	OPEN	\N	5e7e012ce50e0809b9149bec9dfb2b50	\N	hjstephan86@gmail.com	5	1765526906614	1765526906614	1764905436000	1765526888000	\N	accessibility	c959b1a7-c7aa-42c4-9f6f-03bd0517b5c9	306facf7-98ce-4eb5-8527-6eee6ca2c6b5	\\x0a0a08ad0110ad011820204e1a203533326437653064656164356364346330643931356430363963646262656230	1	f	\N	\N	\N	LOGICAL	f	f	\N
b2d03642-55e0-480b-9861-8f661d24e34e	3e037de2-ad82-4687-8ff6-5fbd659b54ac	MAJOR	f	A form label must be associated with a control.	178	\N	OPEN	\N	ee9ba46a5b98f90d06afb8efed49da65	\N	hjstephan86@gmail.com	5	1765526906614	1765526906614	1764905436000	1765526888000	\N	accessibility	c959b1a7-c7aa-42c4-9f6f-03bd0517b5c9	306facf7-98ce-4eb5-8527-6eee6ca2c6b5	\\x0a0a08b20110b2011820204e1a203533326437653064656164356364346330643931356430363963646262656230	1	f	\N	\N	\N	LOGICAL	f	f	\N
069265b0-391d-49ea-84f0-4f4b52779b2c	3e037de2-ad82-4687-8ff6-5fbd659b54ac	MAJOR	f	A form label must be associated with a control.	183	\N	OPEN	\N	f8b8d07e367dd85ccee1d874e5fede24	\N	hjstephan86@gmail.com	5	1765526906614	1765526906614	1764905436000	1765526888000	\N	accessibility	c959b1a7-c7aa-42c4-9f6f-03bd0517b5c9	306facf7-98ce-4eb5-8527-6eee6ca2c6b5	\\x0a0a08b70110b7011820204e1a203533326437653064656164356364346330643931356430363963646262656230	1	f	\N	\N	\N	LOGICAL	f	f	\N
dc81f72a-3238-4130-9400-a7238e7f4020	3e037de2-ad82-4687-8ff6-5fbd659b54ac	MAJOR	f	A form label must be associated with a control.	241	\N	OPEN	\N	621b499e5b68ad8df85b20e26ac654ef	\N	hjstephan86@gmail.com	5	1765526906614	1765526906614	1764592932000	1765526888000	\N	accessibility	c959b1a7-c7aa-42c4-9f6f-03bd0517b5c9	306facf7-98ce-4eb5-8527-6eee6ca2c6b5	\\x0a0a08f10110f1011820204e1a203533326437653064656164356364346330643931356430363963646262656230	1	f	\N	\N	\N	LOGICAL	f	f	\N
753b76b2-6c09-45be-8b3f-ae828742ddac	3e037de2-ad82-4687-8ff6-5fbd659b54ac	MAJOR	f	A form label must be associated with a control.	246	\N	OPEN	\N	0a3b5932d21be59ffe253cc77dfa3c69	\N	hjstephan86@gmail.com	5	1765526906614	1765526906614	1764592932000	1765526888000	\N	accessibility	c959b1a7-c7aa-42c4-9f6f-03bd0517b5c9	306facf7-98ce-4eb5-8527-6eee6ca2c6b5	\\x0a0a08f60110f6011820204e1a203533326437653064656164356364346330643931356430363963646262656230	1	f	\N	\N	\N	LOGICAL	f	f	\N
39916c38-f0d7-422e-899f-19e779bceb6a	3e037de2-ad82-4687-8ff6-5fbd659b54ac	MAJOR	f	A form label must be associated with a control.	253	\N	OPEN	\N	2efb28365b977780a7084ac1c67d028a	\N	hjstephan86@gmail.com	5	1765526906614	1765526906614	1764592932000	1765526888000	\N	accessibility	c959b1a7-c7aa-42c4-9f6f-03bd0517b5c9	306facf7-98ce-4eb5-8527-6eee6ca2c6b5	\\x0a0a08fd0110fd011820204e1a203533326437653064656164356364346330643931356430363963646262656230	1	f	\N	\N	\N	LOGICAL	f	f	\N
e0e055f5-1279-4d81-82c5-e717bdad3c33	3e037de2-ad82-4687-8ff6-5fbd659b54ac	MAJOR	f	A form label must be associated with a control.	258	\N	OPEN	\N	827dd30db1ae47f249e51287034f581c	\N	hjstephan86@gmail.com	5	1765526906614	1765526906614	1764592932000	1765526888000	\N	accessibility	c959b1a7-c7aa-42c4-9f6f-03bd0517b5c9	306facf7-98ce-4eb5-8527-6eee6ca2c6b5	\\x0a0a0882021082021820204e1a203533326437653064656164356364346330643931356430363963646262656230	1	f	\N	\N	\N	LOGICAL	f	f	\N
44cc02ac-bd5d-4a26-b958-00b809308d42	3e037de2-ad82-4687-8ff6-5fbd659b54ac	MAJOR	f	A form label must be associated with a control.	305	\N	OPEN	\N	95e097c0e48644eca632e17fae41b512	\N	hjstephan86@gmail.com	5	1765526906614	1765526906614	1764592932000	1765526888000	\N	accessibility	c959b1a7-c7aa-42c4-9f6f-03bd0517b5c9	306facf7-98ce-4eb5-8527-6eee6ca2c6b5	\\x0a0a08b10210b102181c204a1a203533326437653064656164356364346330643931356430363963646262656230	1	f	\N	\N	\N	LOGICAL	f	f	\N
f366ea56-3c3c-4483-bd25-186c294568dd	3e037de2-ad82-4687-8ff6-5fbd659b54ac	MAJOR	f	A form label must be associated with a control.	310	\N	OPEN	\N	4d17e872b23aea8ea96226735e2f4537	\N	hjstephan86@gmail.com	5	1765526906614	1765526906614	1764592932000	1765526888000	\N	accessibility	c959b1a7-c7aa-42c4-9f6f-03bd0517b5c9	306facf7-98ce-4eb5-8527-6eee6ca2c6b5	\\x0a0a08b60210b602181c204a1a203533326437653064656164356364346330643931356430363963646262656230	1	f	\N	\N	\N	LOGICAL	f	f	\N
c5cff5a5-2fbf-432e-8b9d-901444ee5977	f734337b-9444-4fc4-8f77-1b9f5a91516f	MINOR	f	Prefer `Number.isNaN` over `isNaN`.	426	\N	OPEN	\N	f867fc37431137eefbc8ddadd3699a9a	\N	hjstephan86@gmail.com	2	1765526906614	1765526906614	1764609437000	1765526888000	\N	convention,es2015	c959b1a7-c7aa-42c4-9f6f-03bd0517b5c9	306facf7-98ce-4eb5-8527-6eee6ca2c6b5	\\x0a0a08aa0310aa031819201e1a203232663839353337333434663134356433626666346637353335393962383436	1	t	\N	\N	\N	CONVENTIONAL	f	f	\N
cf963020-fa55-42cf-b9d9-67f9f6ccdd88	fc027622-f721-4fc4-b0aa-3cf3612b45d1	MINOR	f	Handle this exception or don't catch it at all.	427	\N	OPEN	\N	550051ee6b000602ffe414172dfff76d	\N	hjstephan86@gmail.com	60	1765526906614	1765526906614	1764609437000	1765526888000	\N	cwe,error-handling,suspicious	c959b1a7-c7aa-42c4-9f6f-03bd0517b5c9	306facf7-98ce-4eb5-8527-6eee6ca2c6b5	\\x0a0a08ab0310ad03181220111a206231393430613064383165323333343966626135646365353161656637643534	1	f	\N	\N	\N	CLEAR	f	f	\N
a10df1e1-3a37-47b4-9058-5b9c70ac1f98	f734337b-9444-4fc4-8f77-1b9f5a91516f	MINOR	f	Prefer `Number.isNaN` over `isNaN`.	434	\N	OPEN	\N	f867fc37431137eefbc8ddadd3699a9a	\N	hjstephan86@gmail.com	2	1765526906614	1765526906614	1764609437000	1765526888000	\N	convention,es2015	c959b1a7-c7aa-42c4-9f6f-03bd0517b5c9	306facf7-98ce-4eb5-8527-6eee6ca2c6b5	\\x0a0a08b20310b203181120161a203232663839353337333434663134356433626666346637353335393962383436	1	t	\N	\N	\N	CONVENTIONAL	f	f	\N
eb02f2c9-a176-4834-8bc2-610230ac46c4	f734337b-9444-4fc4-8f77-1b9f5a91516f	MINOR	f	Prefer `Number.isNaN` over `isNaN`.	439	\N	OPEN	\N	f867fc37431137eefbc8ddadd3699a9a	\N	hjstephan86@gmail.com	2	1765526906614	1765526906614	1764609437000	1765526888000	\N	convention,es2015	c959b1a7-c7aa-42c4-9f6f-03bd0517b5c9	306facf7-98ce-4eb5-8527-6eee6ca2c6b5	\\x0a0a08b70310b703181120161a203232663839353337333434663134356433626666346637353335393962383436	1	t	\N	\N	\N	CONVENTIONAL	f	f	\N
347c5925-3247-442a-9578-e690129d6059	f734337b-9444-4fc4-8f77-1b9f5a91516f	MINOR	f	Prefer `Number.isNaN` over `isNaN`.	444	\N	OPEN	\N	f867fc37431137eefbc8ddadd3699a9a	\N	hjstephan86@gmail.com	2	1765526906614	1765526906614	1764609437000	1765526888000	\N	convention,es2015	c959b1a7-c7aa-42c4-9f6f-03bd0517b5c9	306facf7-98ce-4eb5-8527-6eee6ca2c6b5	\\x0a0a08bc0310bc03181120161a203232663839353337333434663134356433626666346637353335393962383436	1	t	\N	\N	\N	CONVENTIONAL	f	f	\N
a34a3072-4c7d-4ee0-9fcd-65a451f08bca	f734337b-9444-4fc4-8f77-1b9f5a91516f	MINOR	f	Prefer `Number.isNaN` over `isNaN`.	449	\N	OPEN	\N	f867fc37431137eefbc8ddadd3699a9a	\N	hjstephan86@gmail.com	2	1765526906614	1765526906614	1764609437000	1765526888000	\N	convention,es2015	c959b1a7-c7aa-42c4-9f6f-03bd0517b5c9	306facf7-98ce-4eb5-8527-6eee6ca2c6b5	\\x0a0a08c10310c103181120161a203232663839353337333434663134356433626666346637353335393962383436	1	t	\N	\N	\N	CONVENTIONAL	f	f	\N
21585f29-4b88-4b42-8e6d-9d692c8c3970	fc027622-f721-4fc4-b0aa-3cf3612b45d1	MINOR	f	Handle this exception or don't catch it at all.	480	\N	OPEN	\N	161b8313784081f5965c2da97df48970	\N	hjstephan86@gmail.com	60	1765526906614	1765526906614	1764592932000	1765526888000	\N	cwe,error-handling,suspicious	c959b1a7-c7aa-42c4-9f6f-03bd0517b5c9	306facf7-98ce-4eb5-8527-6eee6ca2c6b5	\\x0a0a08e00310e203180e200d1a206235633734613461636638303030393963646166663961353035633935633338	1	f	\N	\N	\N	CLEAR	f	f	\N
93f288fa-5827-4845-9049-291d676c2717	f734337b-9444-4fc4-8f77-1b9f5a91516f	MINOR	f	Prefer `Number.isNaN` over `isNaN`.	491	\N	OPEN	\N	661629441ca3c5959915a36eac09cad9	\N	hjstephan86@gmail.com	2	1765526906614	1765526906614	1764871273000	1765526888000	\N	convention,es2015	c959b1a7-c7aa-42c4-9f6f-03bd0517b5c9	306facf7-98ce-4eb5-8527-6eee6ca2c6b5	\\x0a0a08eb0310eb03181020151a203232663839353337333434663134356433626666346637353335393962383436	1	t	\N	\N	\N	CONVENTIONAL	f	f	\N
0be51b8d-3adc-4b85-9df3-acd38a8d8c49	fc027622-f721-4fc4-b0aa-3cf3612b45d1	MINOR	f	Handle this exception or don't catch it at all.	528	\N	OPEN	\N	161b8313784081f5965c2da97df48970	\N	hjstephan86@gmail.com	60	1765526906614	1765526906614	1764592932000	1765526888000	\N	cwe,error-handling,suspicious	c959b1a7-c7aa-42c4-9f6f-03bd0517b5c9	306facf7-98ce-4eb5-8527-6eee6ca2c6b5	\\x0a0a089004109204180e200d1a203061666238666564623730353631633733383139316365393131356438366338	1	f	\N	\N	\N	CLEAR	f	f	\N
cc95656d-9ecc-4fbe-9e29-e44aabe5285d	fc027622-f721-4fc4-b0aa-3cf3612b45d1	MINOR	f	Handle this exception or don't catch it at all.	612	\N	OPEN	\N	161b8313784081f5965c2da97df48970	\N	hjstephan86@gmail.com	60	1765526906614	1765526906614	1764592932000	1765526888000	\N	cwe,error-handling,suspicious	c959b1a7-c7aa-42c4-9f6f-03bd0517b5c9	306facf7-98ce-4eb5-8527-6eee6ca2c6b5	\\x0a0a08e40410e604180e200d1a203433653937663339613137643264666562343863383131393233356663623464	1	f	\N	\N	\N	CLEAR	f	f	\N
d0f3f4c7-72fc-4993-b16c-de58cdc5aac8	fc027622-f721-4fc4-b0aa-3cf3612b45d1	MINOR	f	Handle this exception or don't catch it at all.	632	\N	OPEN	\N	161b8313784081f5965c2da97df48970	\N	hjstephan86@gmail.com	60	1765526906614	1765526906614	1764592932000	1765526888000	\N	cwe,error-handling,suspicious	c959b1a7-c7aa-42c4-9f6f-03bd0517b5c9	306facf7-98ce-4eb5-8527-6eee6ca2c6b5	\\x0a0a08f80410fa04180e200d1a206538663533623533336564373066343239393163653031356365633266646531	1	f	\N	\N	\N	CLEAR	f	f	\N
5a5ddcd5-39df-4781-a57d-0fe7d99c2227	fc027622-f721-4fc4-b0aa-3cf3612b45d1	MINOR	f	Handle this exception or don't catch it at all.	655	\N	OPEN	\N	161b8313784081f5965c2da97df48970	\N	hjstephan86@gmail.com	60	1765526906614	1765526906614	1764592932000	1765526888000	\N	cwe,error-handling,suspicious	c959b1a7-c7aa-42c4-9f6f-03bd0517b5c9	306facf7-98ce-4eb5-8527-6eee6ca2c6b5	\\x0a0a088f05109105180e200d1a203132373562626366323466383935626266323933313438363266393131666263	1	f	\N	\N	\N	CLEAR	f	f	\N
86591cd1-84d2-4813-a80d-e1f3e77ef63f	f734337b-9444-4fc4-8f77-1b9f5a91516f	MINOR	f	Prefer `Number.parseFloat` over `parseFloat`.	690	\N	OPEN	\N	186486071375fba06a9886d07aba710c	\N	hjstephan86@gmail.com	2	1765526906614	1765526906614	1764592932000	1765526888000	\N	convention,es2015	c959b1a7-c7aa-42c4-9f6f-03bd0517b5c9	306facf7-98ce-4eb5-8527-6eee6ca2c6b5	\\x0a0a08b20510b205181720211a203030616565633736376634626235616463643964373735663563363431346161	1	f	\N	\N	\N	CONVENTIONAL	f	f	\N
62e8ddbf-c66f-43c0-8324-dc69b4130d71	f734337b-9444-4fc4-8f77-1b9f5a91516f	MINOR	f	Prefer `Number.parseInt` over `parseInt`.	691	\N	OPEN	\N	f88ca24a8d3b2a542a46604fcf7cfb91	\N	hjstephan86@gmail.com	2	1765526906614	1765526906614	1764592932000	1765526888000	\N	convention,es2015	c959b1a7-c7aa-42c4-9f6f-03bd0517b5c9	306facf7-98ce-4eb5-8527-6eee6ca2c6b5	\\x0a0a08b30510b305181e20261a203163343035316235383234313566383635326338633336316138393830666330	1	f	\N	\N	\N	CONVENTIONAL	f	f	\N
a7c09ee3-e660-44fa-adb6-ddf48ba759d5	fc027622-f721-4fc4-b0aa-3cf3612b45d1	MINOR	f	Handle this exception or don't catch it at all.	715	\N	OPEN	\N	161b8313784081f5965c2da97df48970	\N	hjstephan86@gmail.com	60	1765526906614	1765526906614	1764592932000	1765526888000	\N	cwe,error-handling,suspicious	c959b1a7-c7aa-42c4-9f6f-03bd0517b5c9	306facf7-98ce-4eb5-8527-6eee6ca2c6b5	\\x0a0a08cb0510cd05180e200d1a203433653937663339613137643264666562343863383131393233356663623464	1	f	\N	\N	\N	CLEAR	f	f	\N
848f6e9d-4208-41fd-a5de-5d875618c907	fc027622-f721-4fc4-b0aa-3cf3612b45d1	MINOR	f	Handle this exception or don't catch it at all.	734	\N	OPEN	\N	161b8313784081f5965c2da97df48970	\N	hjstephan86@gmail.com	60	1765526906614	1765526906614	1764592932000	1765526888000	\N	cwe,error-handling,suspicious	c959b1a7-c7aa-42c4-9f6f-03bd0517b5c9	306facf7-98ce-4eb5-8527-6eee6ca2c6b5	\\x0a0a08de0510e005180e200d1a206538663533623533336564373066343239393163653031356365633266646531	1	f	\N	\N	\N	CLEAR	f	f	\N
d9c3e536-92b7-4641-9ccd-a119d672e2c3	fc027622-f721-4fc4-b0aa-3cf3612b45d1	MINOR	f	Handle this exception or don't catch it at all.	766	\N	OPEN	\N	161b8313784081f5965c2da97df48970	\N	hjstephan86@gmail.com	60	1765526906614	1765526906614	1764592932000	1765526888000	\N	cwe,error-handling,suspicious	c959b1a7-c7aa-42c4-9f6f-03bd0517b5c9	306facf7-98ce-4eb5-8527-6eee6ca2c6b5	\\x0a0a08fe05108006180e200d1a206166323038313939316261623064393731666239653938663436306135326437	1	f	\N	\N	\N	CLEAR	f	f	\N
ba5320ce-ca87-4497-8cb6-9539a1fdecc7	f734337b-9444-4fc4-8f77-1b9f5a91516f	MINOR	f	Prefer `Number.parseInt` over `parseInt`.	816	\N	OPEN	\N	c43dbcce21811dbbd8b341ae7fc501d3	\N	hjstephan86@gmail.com	2	1765526906614	1765526906614	1764592932000	1765526888000	\N	convention,es2015	c959b1a7-c7aa-42c4-9f6f-03bd0517b5c9	306facf7-98ce-4eb5-8527-6eee6ca2c6b5	\\x0a0a08b00610b006181c20241a203163343035316235383234313566383635326338633336316138393830666330	1	f	\N	\N	\N	CONVENTIONAL	f	f	\N
bbcc65b8-e5a3-42fe-ab41-f89ac14e70df	f734337b-9444-4fc4-8f77-1b9f5a91516f	MINOR	f	Prefer `Number.parseInt` over `parseInt`.	820	\N	OPEN	\N	a6071e8b91397faed825e1036d301856	\N	hjstephan86@gmail.com	2	1765526906614	1765526906614	1764592932000	1765526888000	\N	convention,es2015	c959b1a7-c7aa-42c4-9f6f-03bd0517b5c9	306facf7-98ce-4eb5-8527-6eee6ca2c6b5	\\x0a0a08b40610b406181b20231a203163343035316235383234313566383635326338633336316138393830666330	1	f	\N	\N	\N	CONVENTIONAL	f	f	\N
4f290886-c5d6-4cbe-900e-4c6adfea295f	f734337b-9444-4fc4-8f77-1b9f5a91516f	MINOR	f	Prefer `Number.parseInt` over `parseInt`.	821	\N	OPEN	\N	8fde6b3ed3d2910656fa916dd2c150be	\N	hjstephan86@gmail.com	2	1765526906614	1765526906614	1764592932000	1765526888000	\N	convention,es2015	c959b1a7-c7aa-42c4-9f6f-03bd0517b5c9	306facf7-98ce-4eb5-8527-6eee6ca2c6b5	\\x0a0a08b50610b5061817201f1a203163343035316235383234313566383635326338633336316138393830666330	1	f	\N	\N	\N	CONVENTIONAL	f	f	\N
4e163326-d915-44fe-9df2-5f091183021b	fc027622-f721-4fc4-b0aa-3cf3612b45d1	MINOR	f	Handle this exception or don't catch it at all.	844	\N	OPEN	\N	161b8313784081f5965c2da97df48970	\N	hjstephan86@gmail.com	60	1765526906614	1765526906614	1764592932000	1765526888000	\N	cwe,error-handling,suspicious	c959b1a7-c7aa-42c4-9f6f-03bd0517b5c9	306facf7-98ce-4eb5-8527-6eee6ca2c6b5	\\x0a0a08cc0610ce06180e200d1a206434376536643739356462343863323635373735386434613830353832393163	1	f	\N	\N	\N	CLEAR	f	f	\N
73a30dc1-c07c-41d4-967f-9fbbd1b0a6a0	fc027622-f721-4fc4-b0aa-3cf3612b45d1	MINOR	f	Handle this exception or don't catch it at all.	927	\N	OPEN	\N	161b8313784081f5965c2da97df48970	\N	hjstephan86@gmail.com	60	1765526906614	1765526906614	1764609437000	1765526888000	\N	cwe,error-handling,suspicious	c959b1a7-c7aa-42c4-9f6f-03bd0517b5c9	306facf7-98ce-4eb5-8527-6eee6ca2c6b5	\\x0a0a089f0710a107180e200d1a203430313839636432363239656331336237626435303831316535376533366332	1	f	\N	\N	\N	CLEAR	f	f	\N
b5651d3e-7e5c-4f6f-addf-7fd62766510e	2bed1ac9-3131-4a89-9247-95b89e6fbb4c	MAJOR	f	Prefer top-level await over an async function `loadDashboard` call.	982	\N	OPEN	\N	be888a1dd200e61d6b558998bcc533a9	\N	hjstephan86@gmail.com	5	1765526906614	1765526906614	1764592932000	1765526888000	\N	async,es2022,modernize	c959b1a7-c7aa-42c4-9f6f-03bd0517b5c9	306facf7-98ce-4eb5-8527-6eee6ca2c6b5	\\x0a0a08d60710d607180820171a203139633930393231663062373837646434326339366466323664316333626634	1	t	\N	\N	\N	CONVENTIONAL	f	f	\N
5f8ebb9e-8d7b-4913-8c7a-6f5b9779c834	9e2dec7b-43be-45a3-8b4f-b9bbeff4d877	INFO	f	Remove this 'public' modifier.	25	\N	OPEN	\N	45d2399c17aa27e097ba732372f4418e	\N	hjstephan86@gmail.com	2	1765526906614	1765526906614	1764357326000	1765526888000	\N	junit,tests	5d4e70cd-b977-467b-ac39-7ef9aff4e46d	306facf7-98ce-4eb5-8527-6eee6ca2c6b5	\\x0a08081910191804200a1a203463393138346633376366663031626364633332646334383665633336393631	1	t	\N	\N	\N	CLEAR	f	f	\N
7f1ae559-779c-4d40-a795-ed59aa65bd71	9e2dec7b-43be-45a3-8b4f-b9bbeff4d877	INFO	f	Remove this 'public' modifier.	34	\N	OPEN	\N	43d887a632cb02158644941c3c4132c3	\N	hjstephan86@gmail.com	2	1765526906614	1765526906614	1764357326000	1765526888000	\N	junit,tests	5d4e70cd-b977-467b-ac39-7ef9aff4e46d	306facf7-98ce-4eb5-8527-6eee6ca2c6b5	\\x0a08082210221804200a1a203463393138346633376366663031626364633332646334383665633336393631	1	t	\N	\N	\N	CLEAR	f	f	\N
00143ba7-ca17-4ff2-9613-476161588dfb	9e2dec7b-43be-45a3-8b4f-b9bbeff4d877	INFO	f	Remove this 'public' modifier.	43	\N	OPEN	\N	2aa8e267653cf739f7674f27f89f7edc	\N	hjstephan86@gmail.com	2	1765526906614	1765526906614	1764357326000	1765526888000	\N	junit,tests	5d4e70cd-b977-467b-ac39-7ef9aff4e46d	306facf7-98ce-4eb5-8527-6eee6ca2c6b5	\\x0a08082b102b1804200a1a203463393138346633376366663031626364633332646334383665633336393631	1	t	\N	\N	\N	CLEAR	f	f	\N
95a4b25e-759f-4696-8ad5-56f16456e656	9e2dec7b-43be-45a3-8b4f-b9bbeff4d877	INFO	f	Remove this 'public' modifier.	54	\N	OPEN	\N	170212471c10423ce8f3f03032dee762	\N	hjstephan86@gmail.com	2	1765526906614	1765526906614	1764357326000	1765526888000	\N	junit,tests	5d4e70cd-b977-467b-ac39-7ef9aff4e46d	306facf7-98ce-4eb5-8527-6eee6ca2c6b5	\\x0a08083610361804200a1a203463393138346633376366663031626364633332646334383665633336393631	1	t	\N	\N	\N	CLEAR	f	f	\N
b29233ab-ae60-4a9e-a6b6-87583c2ba264	9e2dec7b-43be-45a3-8b4f-b9bbeff4d877	INFO	f	Remove this 'public' modifier.	63	\N	OPEN	\N	4bb50c4b14af115384c655a055ab3d75	\N	hjstephan86@gmail.com	2	1765526906614	1765526906614	1764357326000	1765526888000	\N	junit,tests	5d4e70cd-b977-467b-ac39-7ef9aff4e46d	306facf7-98ce-4eb5-8527-6eee6ca2c6b5	\\x0a08083f103f1804200a1a203463393138346633376366663031626364633332646334383665633336393631	1	t	\N	\N	\N	CLEAR	f	f	\N
80b5a76f-8415-4694-ba45-47f5b5000202	9e2dec7b-43be-45a3-8b4f-b9bbeff4d877	INFO	f	Remove this 'public' modifier.	75	\N	OPEN	\N	8076f1c32d45f7b3718a1a60c23bb50e	\N	hjstephan86@gmail.com	2	1765526906614	1765526906614	1764357326000	1765526888000	\N	junit,tests	5d4e70cd-b977-467b-ac39-7ef9aff4e46d	306facf7-98ce-4eb5-8527-6eee6ca2c6b5	\\x0a08084b104b1804200a1a203463393138346633376366663031626364633332646334383665633336393631	1	t	\N	\N	\N	CLEAR	f	f	\N
eee8a7db-97da-4e61-9119-a70455befc14	9e2dec7b-43be-45a3-8b4f-b9bbeff4d877	INFO	f	Remove this 'public' modifier.	87	\N	OPEN	\N	800bff03752f689fa2073759fc3df480	\N	hjstephan86@gmail.com	2	1765526906614	1765526906614	1764357326000	1765526888000	\N	junit,tests	5d4e70cd-b977-467b-ac39-7ef9aff4e46d	306facf7-98ce-4eb5-8527-6eee6ca2c6b5	\\x0a08085710571804200a1a203463393138346633376366663031626364633332646334383665633336393631	1	t	\N	\N	\N	CLEAR	f	f	\N
eadfef45-c43b-4ba4-9342-6293a19ac02d	9e2dec7b-43be-45a3-8b4f-b9bbeff4d877	INFO	f	Remove this 'public' modifier.	19	\N	OPEN	\N	1b4906fe18fcbec9d4804c9ab8935289	\N	hjstephan86@gmail.com	2	1765526906614	1765526906614	1764357326000	1765526888000	\N	junit,tests	5d4e70cd-b977-467b-ac39-7ef9aff4e46d	306facf7-98ce-4eb5-8527-6eee6ca2c6b5	\\x0a0808131013180020061a203463393138346633376366663031626364633332646334383665633336393631	1	t	\N	\N	\N	CLEAR	f	f	\N
2d8dff2a-a60f-463b-ba9b-b56c4ca25890	87ec407f-551b-435f-938e-e49a3831af10	MINOR	f	Remove this and every subsequent useless "eq(...)" invocation; pass the values directly.	66	\N	OPEN	\N	d108ce3e90b990a07e5814b136944021	\N	hjstephan86@gmail.com	2	1765526906614	1765526906614	1764357326000	1765526888000	\N	tests,mockito,clumsy	5d4e70cd-b977-467b-ac39-7ef9aff4e46d	306facf7-98ce-4eb5-8527-6eee6ca2c6b5	\\x0a0808421042181c2026120c0a0a1208084210421833203d1a203834626332383866303132353630316331383565303366653366393930373665	1	f	\N	\N	\N	CLEAR	f	f	\N
beea22d8-fa80-4d88-8835-908d4a73d901	87ec407f-551b-435f-938e-e49a3831af10	MINOR	f	Remove this and every subsequent useless "eq(...)" invocation; pass the values directly.	78	\N	OPEN	\N	bcea94d110f9d09da211f9d801c71256	\N	hjstephan86@gmail.com	2	1765526906614	1765526906614	1764357326000	1765526888000	\N	tests,mockito,clumsy	5d4e70cd-b977-467b-ac39-7ef9aff4e46d	306facf7-98ce-4eb5-8527-6eee6ca2c6b5	\\x0a08084e104e181c2026120c0a0a1208084e104e1832203c1a203834626332383866303132353630316331383565303366653366393930373665	1	f	\N	\N	\N	CLEAR	f	f	\N
b5145192-d8d0-4e65-bac4-5d9ea7daa94e	9e2dec7b-43be-45a3-8b4f-b9bbeff4d877	INFO	f	Remove this 'public' modifier.	48	\N	OPEN	\N	44a186979193ddab5fb8efa21eb58fda	\N	hjstephan86@gmail.com	2	1765526906614	1765526906614	1764592932000	1765526888000	\N	junit,tests	eb2c6d32-b2b0-435b-b279-77f5ce5a1220	306facf7-98ce-4eb5-8527-6eee6ca2c6b5	\\x0a08083010301804200a1a203463393138346633376366663031626364633332646334383665633336393631	1	t	\N	\N	\N	CLEAR	f	f	\N
5c350f5a-eefa-4e77-b236-b9e5e160bd34	9e2dec7b-43be-45a3-8b4f-b9bbeff4d877	INFO	f	Remove this 'public' modifier.	98	\N	OPEN	\N	a17540b4fbd3ad0b0c74051941911b6b	\N	hjstephan86@gmail.com	2	1765526906614	1765526906614	1764592932000	1765526888000	\N	junit,tests	eb2c6d32-b2b0-435b-b279-77f5ce5a1220	306facf7-98ce-4eb5-8527-6eee6ca2c6b5	\\x0a08086210621804200a1a203463393138346633376366663031626364633332646334383665633336393631	1	t	\N	\N	\N	CLEAR	f	f	\N
e7df3637-0d03-4069-818a-c6bbd11dc5db	9e2dec7b-43be-45a3-8b4f-b9bbeff4d877	INFO	f	Remove this 'public' modifier.	25	\N	OPEN	\N	45d2399c17aa27e097ba732372f4418e	\N	hjstephan86@gmail.com	2	1765526906614	1765526906614	1764357326000	1765526888000	\N	junit,tests	afe8f9ff-3833-4bce-a151-c0fa0a11dbec	306facf7-98ce-4eb5-8527-6eee6ca2c6b5	\\x0a08081910191804200a1a203463393138346633376366663031626364633332646334383665633336393631	1	t	\N	\N	\N	CLEAR	f	f	\N
237cf713-fcab-489d-8ec9-1d451af65228	9e2dec7b-43be-45a3-8b4f-b9bbeff4d877	INFO	f	Remove this 'public' modifier.	34	\N	OPEN	\N	43d887a632cb02158644941c3c4132c3	\N	hjstephan86@gmail.com	2	1765526906614	1765526906614	1764357326000	1765526888000	\N	junit,tests	afe8f9ff-3833-4bce-a151-c0fa0a11dbec	306facf7-98ce-4eb5-8527-6eee6ca2c6b5	\\x0a08082210221804200a1a203463393138346633376366663031626364633332646334383665633336393631	1	t	\N	\N	\N	CLEAR	f	f	\N
2eda2e09-fdc0-4fc2-a31d-5fe7e7b12861	9e2dec7b-43be-45a3-8b4f-b9bbeff4d877	INFO	f	Remove this 'public' modifier.	45	\N	OPEN	\N	d543afecbfed2a0f074ebd80d9c02fc4	\N	hjstephan86@gmail.com	2	1765526906614	1765526906614	1764357326000	1765526888000	\N	junit,tests	afe8f9ff-3833-4bce-a151-c0fa0a11dbec	306facf7-98ce-4eb5-8527-6eee6ca2c6b5	\\x0a08082d102d1804200a1a203463393138346633376366663031626364633332646334383665633336393631	1	t	\N	\N	\N	CLEAR	f	f	\N
7bc7c15b-1073-4ca1-88d8-d5df2d1802d0	9e2dec7b-43be-45a3-8b4f-b9bbeff4d877	INFO	f	Remove this 'public' modifier.	55	\N	OPEN	\N	6d865f36d65c2dd1e1379e3e6c5419ae	\N	hjstephan86@gmail.com	2	1765526906614	1765526906614	1764357326000	1765526888000	\N	junit,tests	afe8f9ff-3833-4bce-a151-c0fa0a11dbec	306facf7-98ce-4eb5-8527-6eee6ca2c6b5	\\x0a08083710371804200a1a203463393138346633376366663031626364633332646334383665633336393631	1	t	\N	\N	\N	CLEAR	f	f	\N
1e4b83dd-e910-4a25-8ae7-e230d2198505	9e2dec7b-43be-45a3-8b4f-b9bbeff4d877	INFO	f	Remove this 'public' modifier.	67	\N	OPEN	\N	800bff03752f689fa2073759fc3df480	\N	hjstephan86@gmail.com	2	1765526906614	1765526906614	1764357326000	1765526888000	\N	junit,tests	afe8f9ff-3833-4bce-a151-c0fa0a11dbec	306facf7-98ce-4eb5-8527-6eee6ca2c6b5	\\x0a08084310431804200a1a203463393138346633376366663031626364633332646334383665633336393631	1	t	\N	\N	\N	CLEAR	f	f	\N
e9a60b27-853f-4dcb-b635-5faa3adb4bed	9e2dec7b-43be-45a3-8b4f-b9bbeff4d877	INFO	f	Remove this 'public' modifier.	77	\N	OPEN	\N	62695ae4d0e0c51eb33c420312ab0b68	\N	hjstephan86@gmail.com	2	1765526906614	1765526906614	1764357326000	1765526888000	\N	junit,tests	afe8f9ff-3833-4bce-a151-c0fa0a11dbec	306facf7-98ce-4eb5-8527-6eee6ca2c6b5	\\x0a08084d104d1804200a1a203463393138346633376366663031626364633332646334383665633336393631	1	t	\N	\N	\N	CLEAR	f	f	\N
ab220b8a-c417-49a9-b06f-1e28151ef76e	9e2dec7b-43be-45a3-8b4f-b9bbeff4d877	INFO	f	Remove this 'public' modifier.	19	\N	OPEN	\N	cdea53dd97a0375b625353a56c8579cb	\N	hjstephan86@gmail.com	2	1765526906614	1765526906614	1764357326000	1765526888000	\N	junit,tests	afe8f9ff-3833-4bce-a151-c0fa0a11dbec	306facf7-98ce-4eb5-8527-6eee6ca2c6b5	\\x0a0808131013180020061a203463393138346633376366663031626364633332646334383665633336393631	1	t	\N	\N	\N	CLEAR	f	f	\N
5c7a6cd7-337e-4337-809c-9c885057d535	87ec407f-551b-435f-938e-e49a3831af10	MINOR	f	Remove this and every subsequent useless "eq(...)" invocation; pass the values directly.	58	\N	OPEN	\N	25095114681fb508ac16cb840913fb6c	\N	hjstephan86@gmail.com	2	1765526906614	1765526906614	1764357326000	1765526888000	\N	tests,mockito,clumsy	afe8f9ff-3833-4bce-a151-c0fa0a11dbec	306facf7-98ce-4eb5-8527-6eee6ca2c6b5	\\x0a08083a103a181c2026120c0a0a1208083a103a1831203b1a203834626332383866303132353630316331383565303366653366393930373665	1	f	\N	\N	\N	CLEAR	f	f	\N
1c88fe97-9291-44c1-900b-20fc69a65af3	9e2dec7b-43be-45a3-8b4f-b9bbeff4d877	INFO	f	Remove this 'public' modifier.	38	\N	OPEN	\N	1c0fe2206910cb91f0830d93cd7950f2	\N	hjstephan86@gmail.com	2	1765526906614	1765526906614	1763988851000	1765526888000	\N	junit,tests	f15994f9-f03b-41bd-826e-fc6d74ef1ff0	306facf7-98ce-4eb5-8527-6eee6ca2c6b5	\\x0a08082610261804200a1a203463393138346633376366663031626364633332646334383665633336393631	1	t	\N	\N	\N	CLEAR	f	f	\N
da944b04-799e-4ede-a7b8-f49d66f64b99	9e2dec7b-43be-45a3-8b4f-b9bbeff4d877	INFO	f	Remove this 'public' modifier.	50	\N	OPEN	\N	02222edf950a4f8d30cb405d6ab1b81c	\N	hjstephan86@gmail.com	2	1765526906614	1765526906614	1763988851000	1765526888000	\N	junit,tests	f15994f9-f03b-41bd-826e-fc6d74ef1ff0	306facf7-98ce-4eb5-8527-6eee6ca2c6b5	\\x0a08083210321804200a1a203463393138346633376366663031626364633332646334383665633336393631	1	t	\N	\N	\N	CLEAR	f	f	\N
f3c532c5-5dd9-4fef-9e92-5f32b95382aa	9e2dec7b-43be-45a3-8b4f-b9bbeff4d877	INFO	f	Remove this 'public' modifier.	63	\N	OPEN	\N	61ebcd454de65c2a247bfa94f2401e8e	\N	hjstephan86@gmail.com	2	1765526906614	1765526906614	1763988851000	1765526888000	\N	junit,tests	f15994f9-f03b-41bd-826e-fc6d74ef1ff0	306facf7-98ce-4eb5-8527-6eee6ca2c6b5	\\x0a08083f103f1804200a1a203463393138346633376366663031626364633332646334383665633336393631	1	t	\N	\N	\N	CLEAR	f	f	\N
632fd0e9-a08c-4771-8072-cd624c70a915	9e2dec7b-43be-45a3-8b4f-b9bbeff4d877	INFO	f	Remove this 'public' modifier.	73	\N	OPEN	\N	992b2bf3b6b01c965d43dc0a9164c0c0	\N	hjstephan86@gmail.com	2	1765526906614	1765526906614	1763988851000	1765526888000	\N	junit,tests	f15994f9-f03b-41bd-826e-fc6d74ef1ff0	306facf7-98ce-4eb5-8527-6eee6ca2c6b5	\\x0a08084910491804200a1a203463393138346633376366663031626364633332646334383665633336393631	1	t	\N	\N	\N	CLEAR	f	f	\N
ea62d50c-836a-47b7-9c2b-2d6b6beba7e8	9e2dec7b-43be-45a3-8b4f-b9bbeff4d877	INFO	f	Remove this 'public' modifier.	84	\N	OPEN	\N	1d0a0ad3c063e6aee9692498e2946d8b	\N	hjstephan86@gmail.com	2	1765526906614	1765526906614	1763988851000	1765526888000	\N	junit,tests	f15994f9-f03b-41bd-826e-fc6d74ef1ff0	306facf7-98ce-4eb5-8527-6eee6ca2c6b5	\\x0a08085410541804200a1a203463393138346633376366663031626364633332646334383665633336393631	1	t	\N	\N	\N	CLEAR	f	f	\N
c202e568-cd0e-4c95-8b90-08eff5a97d37	9e2dec7b-43be-45a3-8b4f-b9bbeff4d877	INFO	f	Remove this 'public' modifier.	38	\N	OPEN	\N	5ae230d668b22dfb2ed4d625484c2a09	\N	hjstephan86@gmail.com	2	1765526906614	1765526906614	1763988851000	1765526888000	\N	junit,tests	26c46ea2-7af9-4cb7-873b-571ab8126853	306facf7-98ce-4eb5-8527-6eee6ca2c6b5	\\x0a08082610261804200a1a203463393138346633376366663031626364633332646334383665633336393631	1	t	\N	\N	\N	CLEAR	f	f	\N
e750020f-c300-4918-9f2a-916e6eecc188	9e2dec7b-43be-45a3-8b4f-b9bbeff4d877	INFO	f	Remove this 'public' modifier.	47	\N	OPEN	\N	e5668327b96b26699dcc8b72f6857a53	\N	hjstephan86@gmail.com	2	1765526906614	1765526906614	1763988851000	1765526888000	\N	junit,tests	26c46ea2-7af9-4cb7-873b-571ab8126853	306facf7-98ce-4eb5-8527-6eee6ca2c6b5	\\x0a08082f102f1804200a1a203463393138346633376366663031626364633332646334383665633336393631	1	t	\N	\N	\N	CLEAR	f	f	\N
6b723f00-b40e-4809-ab30-fb7b7193b1f5	9e2dec7b-43be-45a3-8b4f-b9bbeff4d877	INFO	f	Remove this 'public' modifier.	59	\N	OPEN	\N	eb1c52d09c4e43c68249a96cf24e3067	\N	hjstephan86@gmail.com	2	1765526906614	1765526906614	1763988851000	1765526888000	\N	junit,tests	26c46ea2-7af9-4cb7-873b-571ab8126853	306facf7-98ce-4eb5-8527-6eee6ca2c6b5	\\x0a08083b103b1804200a1a203463393138346633376366663031626364633332646334383665633336393631	1	t	\N	\N	\N	CLEAR	f	f	\N
986b8fa9-9a90-41dd-aa81-dffe0b45e19e	9e2dec7b-43be-45a3-8b4f-b9bbeff4d877	INFO	f	Remove this 'public' modifier.	25	\N	OPEN	\N	45d2399c17aa27e097ba732372f4418e	\N	hjstephan86@gmail.com	2	1765526906614	1765526906614	1764592932000	1765526888000	\N	junit,tests	6a3b459e-c95d-4c0a-87f7-2ebb8cc6b3cf	306facf7-98ce-4eb5-8527-6eee6ca2c6b5	\\x0a08081910191804200a1a203463393138346633376366663031626364633332646334383665633336393631	1	t	\N	\N	\N	CLEAR	f	f	\N
9f531ae0-e528-4d69-983d-b46a94130ee3	9e2dec7b-43be-45a3-8b4f-b9bbeff4d877	INFO	f	Remove this 'public' modifier.	34	\N	OPEN	\N	43d887a632cb02158644941c3c4132c3	\N	hjstephan86@gmail.com	2	1765526906614	1765526906614	1764592932000	1765526888000	\N	junit,tests	6a3b459e-c95d-4c0a-87f7-2ebb8cc6b3cf	306facf7-98ce-4eb5-8527-6eee6ca2c6b5	\\x0a08082210221804200a1a203463393138346633376366663031626364633332646334383665633336393631	1	t	\N	\N	\N	CLEAR	f	f	\N
32d15fa1-2bf6-4cd5-826d-2ad26fd129f7	9e2dec7b-43be-45a3-8b4f-b9bbeff4d877	INFO	f	Remove this 'public' modifier.	43	\N	OPEN	\N	2aa8e267653cf739f7674f27f89f7edc	\N	hjstephan86@gmail.com	2	1765526906614	1765526906614	1764592932000	1765526888000	\N	junit,tests	6a3b459e-c95d-4c0a-87f7-2ebb8cc6b3cf	306facf7-98ce-4eb5-8527-6eee6ca2c6b5	\\x0a08082b102b1804200a1a203463393138346633376366663031626364633332646334383665633336393631	1	t	\N	\N	\N	CLEAR	f	f	\N
e6c778eb-8d3c-4751-a947-42b12aef9288	9e2dec7b-43be-45a3-8b4f-b9bbeff4d877	INFO	f	Remove this 'public' modifier.	54	\N	OPEN	\N	03bd909594533fcd15b52996f29927e6	\N	hjstephan86@gmail.com	2	1765526906614	1765526906614	1764592932000	1765526888000	\N	junit,tests	6a3b459e-c95d-4c0a-87f7-2ebb8cc6b3cf	306facf7-98ce-4eb5-8527-6eee6ca2c6b5	\\x0a08083610361804200a1a203463393138346633376366663031626364633332646334383665633336393631	1	t	\N	\N	\N	CLEAR	f	f	\N
ff77cd7a-70f4-4845-b4df-e13984e34549	9e2dec7b-43be-45a3-8b4f-b9bbeff4d877	INFO	f	Remove this 'public' modifier.	62	\N	OPEN	\N	800bff03752f689fa2073759fc3df480	\N	hjstephan86@gmail.com	2	1765526906614	1765526906614	1764592932000	1765526888000	\N	junit,tests	6a3b459e-c95d-4c0a-87f7-2ebb8cc6b3cf	306facf7-98ce-4eb5-8527-6eee6ca2c6b5	\\x0a08083e103e1804200a1a203463393138346633376366663031626364633332646334383665633336393631	1	t	\N	\N	\N	CLEAR	f	f	\N
d38d9804-c28f-4088-b98f-1f4f84a18d26	9e2dec7b-43be-45a3-8b4f-b9bbeff4d877	INFO	f	Remove this 'public' modifier.	73	\N	OPEN	\N	6c673c887a740da03d69ca10d1b2550f	\N	hjstephan86@gmail.com	2	1765526906614	1765526906614	1764592932000	1765526888000	\N	junit,tests	6a3b459e-c95d-4c0a-87f7-2ebb8cc6b3cf	306facf7-98ce-4eb5-8527-6eee6ca2c6b5	\\x0a08084910491804200a1a203463393138346633376366663031626364633332646334383665633336393631	1	t	\N	\N	\N	CLEAR	f	f	\N
3d7e7d7d-1cc9-434f-b7d5-4b7ba2e9acbe	9e2dec7b-43be-45a3-8b4f-b9bbeff4d877	INFO	f	Remove this 'public' modifier.	85	\N	OPEN	\N	ffbb42716be58d7ca2240b9eaf1744c0	\N	hjstephan86@gmail.com	2	1765526906614	1765526906614	1764592932000	1765526888000	\N	junit,tests	6a3b459e-c95d-4c0a-87f7-2ebb8cc6b3cf	306facf7-98ce-4eb5-8527-6eee6ca2c6b5	\\x0a08085510551804200a1a203463393138346633376366663031626364633332646334383665633336393631	1	t	\N	\N	\N	CLEAR	f	f	\N
afc08f37-ee86-4447-a774-cb174f1a9882	9e2dec7b-43be-45a3-8b4f-b9bbeff4d877	INFO	f	Remove this 'public' modifier.	96	\N	OPEN	\N	d37050f0568bc2d969d5beaa94644ccf	\N	hjstephan86@gmail.com	2	1765526906614	1765526906614	1764592932000	1765526888000	\N	junit,tests	6a3b459e-c95d-4c0a-87f7-2ebb8cc6b3cf	306facf7-98ce-4eb5-8527-6eee6ca2c6b5	\\x0a08086010601804200a1a203463393138346633376366663031626364633332646334383665633336393631	1	t	\N	\N	\N	CLEAR	f	f	\N
0df7328e-0b57-49b4-8703-d817d700b15a	9e2dec7b-43be-45a3-8b4f-b9bbeff4d877	INFO	f	Remove this 'public' modifier.	19	\N	OPEN	\N	9af1df30a0d284737210bb2129e6c142	\N	hjstephan86@gmail.com	2	1765526906614	1765526906614	1764592932000	1765526888000	\N	junit,tests	6a3b459e-c95d-4c0a-87f7-2ebb8cc6b3cf	306facf7-98ce-4eb5-8527-6eee6ca2c6b5	\\x0a0808131013180020061a203463393138346633376366663031626364633332646334383665633336393631	1	t	\N	\N	\N	CLEAR	f	f	\N
e3a1feef-ece4-48bd-a718-db586eeb71d8	87ec407f-551b-435f-938e-e49a3831af10	MINOR	f	Remove this and every subsequent useless "eq(...)" invocation; pass the values directly.	76	\N	OPEN	\N	01b82888ac00eb204b30b92ed4cdc0c0	\N	hjstephan86@gmail.com	2	1765526906614	1765526906614	1764592932000	1765526888000	\N	tests,mockito,clumsy	6a3b459e-c95d-4c0a-87f7-2ebb8cc6b3cf	306facf7-98ce-4eb5-8527-6eee6ca2c6b5	\\x0a08084c104c181c2026120c0a0a1208084c104c183820421a203834626332383866303132353630316331383565303366653366393930373665	1	f	\N	\N	\N	CLEAR	f	f	\N
7b1e3362-00c9-4df1-b659-e791d2372c63	87ec407f-551b-435f-938e-e49a3831af10	MINOR	f	Remove this and every subsequent useless "eq(...)" invocation; pass the values directly.	88	\N	OPEN	\N	7fa2bfa9fecb1ac0e4d51c6f853701cf	\N	hjstephan86@gmail.com	2	1765526906614	1765526906614	1764592932000	1765526888000	\N	tests,mockito,clumsy	6a3b459e-c95d-4c0a-87f7-2ebb8cc6b3cf	306facf7-98ce-4eb5-8527-6eee6ca2c6b5	\\x0a0808581058181c2026120c0a0a1208085810581832203c1a203834626332383866303132353630316331383565303366653366393930373665	1	f	\N	\N	\N	CLEAR	f	f	\N
ec4775b8-915c-4df2-aff0-9b88092d9b4e	9e2dec7b-43be-45a3-8b4f-b9bbeff4d877	INFO	f	Remove this 'public' modifier.	26	\N	OPEN	\N	a274f4bcad3b0686b2491217e7e26728	\N	hjstephan86@gmail.com	2	1765526906614	1765526906614	1764357326000	1765526888000	\N	junit,tests	12e40682-5635-42f9-bc56-4aaec4078c19	306facf7-98ce-4eb5-8527-6eee6ca2c6b5	\\x0a08081a101a1804200a1a203463393138346633376366663031626364633332646334383665633336393631	1	t	\N	\N	\N	CLEAR	f	f	\N
0e17f185-66de-4035-8328-b109ec575487	9e2dec7b-43be-45a3-8b4f-b9bbeff4d877	INFO	f	Remove this 'public' modifier.	40	\N	OPEN	\N	460a4ccf796986c0f9dfe0f70ce29be5	\N	hjstephan86@gmail.com	2	1765526906614	1765526906614	1764357326000	1765526888000	\N	junit,tests	12e40682-5635-42f9-bc56-4aaec4078c19	306facf7-98ce-4eb5-8527-6eee6ca2c6b5	\\x0a08082810281804200a1a203463393138346633376366663031626364633332646334383665633336393631	1	t	\N	\N	\N	CLEAR	f	f	\N
4e72a85f-2623-48ca-bbb7-424eac2701f8	9e2dec7b-43be-45a3-8b4f-b9bbeff4d877	INFO	f	Remove this 'public' modifier.	52	\N	OPEN	\N	e221474fb8bfb284cff99c6061e3f3da	\N	hjstephan86@gmail.com	2	1765526906614	1765526906614	1764357326000	1765526888000	\N	junit,tests	12e40682-5635-42f9-bc56-4aaec4078c19	306facf7-98ce-4eb5-8527-6eee6ca2c6b5	\\x0a08083410341804200a1a203463393138346633376366663031626364633332646334383665633336393631	1	t	\N	\N	\N	CLEAR	f	f	\N
4a87adcd-a197-4279-8632-b8f8de3cc96c	9e2dec7b-43be-45a3-8b4f-b9bbeff4d877	INFO	f	Remove this 'public' modifier.	66	\N	OPEN	\N	3217ca79f803ce78053fa361e646b9ee	\N	hjstephan86@gmail.com	2	1765526906614	1765526906614	1764357326000	1765526888000	\N	junit,tests	12e40682-5635-42f9-bc56-4aaec4078c19	306facf7-98ce-4eb5-8527-6eee6ca2c6b5	\\x0a08084210421804200a1a203463393138346633376366663031626364633332646334383665633336393631	1	t	\N	\N	\N	CLEAR	f	f	\N
d84b288d-9c69-4f69-88d2-25ef803616f3	9e2dec7b-43be-45a3-8b4f-b9bbeff4d877	INFO	f	Remove this 'public' modifier.	76	\N	OPEN	\N	75a30bab75bad8dbe467b299a29aa900	\N	hjstephan86@gmail.com	2	1765526906614	1765526906614	1764357326000	1765526888000	\N	junit,tests	12e40682-5635-42f9-bc56-4aaec4078c19	306facf7-98ce-4eb5-8527-6eee6ca2c6b5	\\x0a08084c104c1804200a1a203463393138346633376366663031626364633332646334383665633336393631	1	t	\N	\N	\N	CLEAR	f	f	\N
9f402895-7f8e-41be-9bc5-d640f751f9d1	9e2dec7b-43be-45a3-8b4f-b9bbeff4d877	INFO	f	Remove this 'public' modifier.	87	\N	OPEN	\N	b09cf5ca1c7702e774bc50b9ea2586de	\N	hjstephan86@gmail.com	2	1765526906614	1765526906614	1764357326000	1765526888000	\N	junit,tests	12e40682-5635-42f9-bc56-4aaec4078c19	306facf7-98ce-4eb5-8527-6eee6ca2c6b5	\\x0a08085710571804200a1a203463393138346633376366663031626364633332646334383665633336393631	1	t	\N	\N	\N	CLEAR	f	f	\N
af443b3a-b29d-47e0-af05-3137d792dc16	9e2dec7b-43be-45a3-8b4f-b9bbeff4d877	INFO	f	Remove this 'public' modifier.	99	\N	OPEN	\N	c3ef777ab22529a0c6f38c49066a36dd	\N	hjstephan86@gmail.com	2	1765526906614	1765526906614	1764357326000	1765526888000	\N	junit,tests	12e40682-5635-42f9-bc56-4aaec4078c19	306facf7-98ce-4eb5-8527-6eee6ca2c6b5	\\x0a08086310631804200a1a203463393138346633376366663031626364633332646334383665633336393631	1	t	\N	\N	\N	CLEAR	f	f	\N
f10fda5a-041a-4ca6-ac89-fbd4af79e48b	9e2dec7b-43be-45a3-8b4f-b9bbeff4d877	INFO	f	Remove this 'public' modifier.	20	\N	OPEN	\N	625b2f1c7b498c6046587e07f9c2183e	\N	hjstephan86@gmail.com	2	1765526906614	1765526906614	1764357326000	1765526888000	\N	junit,tests	12e40682-5635-42f9-bc56-4aaec4078c19	306facf7-98ce-4eb5-8527-6eee6ca2c6b5	\\x0a0808141014180020061a203463393138346633376366663031626364633332646334383665633336393631	1	t	\N	\N	\N	CLEAR	f	f	\N
5e5d746e-f5f9-4dbf-98fc-a439dc245f21	87ec407f-551b-435f-938e-e49a3831af10	MINOR	f	Remove this and every subsequent useless "eq(...)" invocation; pass the values directly.	95	\N	OPEN	\N	6a0b12f1cf9a15ea1ce91812704f564d	\N	hjstephan86@gmail.com	2	1765526906614	1765526906614	1764357326000	1765526888000	\N	tests,mockito,clumsy	12e40682-5635-42f9-bc56-4aaec4078c19	306facf7-98ce-4eb5-8527-6eee6ca2c6b5	\\x0a08085f105f181f2029120c0a0a1208085f105f1833203d1a203834626332383866303132353630316331383565303366653366393930373665	1	f	\N	\N	\N	CLEAR	f	f	\N
31df9829-0ff8-4642-8329-12e68b5e48d1	9e2dec7b-43be-45a3-8b4f-b9bbeff4d877	INFO	f	Remove this 'public' modifier.	12	\N	OPEN	\N	c4cb495c2088323fb282ddd72a100b35	\N	hjstephan86@gmail.com	2	1765526906614	1765526906614	1764357326000	1765526888000	\N	junit,tests	2cb94d17-ea38-4912-8260-6a50798b0866	306facf7-98ce-4eb5-8527-6eee6ca2c6b5	\\x0a08080c100c1804200a1a203463393138346633376366663031626364633332646334383665633336393631	1	t	\N	\N	\N	CLEAR	f	f	\N
9e2de9b9-d497-4bca-891e-0ae6c1259e1b	9e2dec7b-43be-45a3-8b4f-b9bbeff4d877	INFO	f	Remove this 'public' modifier.	22	\N	OPEN	\N	3cc519daf3d735118a4fe222c2d4bb57	\N	hjstephan86@gmail.com	2	1765526906614	1765526906614	1764357326000	1765526888000	\N	junit,tests	2cb94d17-ea38-4912-8260-6a50798b0866	306facf7-98ce-4eb5-8527-6eee6ca2c6b5	\\x0a08081610161804200a1a203463393138346633376366663031626364633332646334383665633336393631	1	t	\N	\N	\N	CLEAR	f	f	\N
8d8288b7-db9e-4269-b37b-86c4a4cfdf3f	9e2dec7b-43be-45a3-8b4f-b9bbeff4d877	INFO	f	Remove this 'public' modifier.	31	\N	OPEN	\N	01fd3a8b55f6cb3331ca4e86b2f42458	\N	hjstephan86@gmail.com	2	1765526906614	1765526906614	1764357326000	1765526888000	\N	junit,tests	2cb94d17-ea38-4912-8260-6a50798b0866	306facf7-98ce-4eb5-8527-6eee6ca2c6b5	\\x0a08081f101f1804200a1a203463393138346633376366663031626364633332646334383665633336393631	1	t	\N	\N	\N	CLEAR	f	f	\N
5bd327ea-dea3-4e17-8593-558f3e58e7af	9e2dec7b-43be-45a3-8b4f-b9bbeff4d877	INFO	f	Remove this 'public' modifier.	50	\N	OPEN	\N	eef6de8046bda54c2d813fe9e78ef075	\N	hjstephan86@gmail.com	2	1765526906614	1765526906614	1764357326000	1765526888000	\N	junit,tests	2cb94d17-ea38-4912-8260-6a50798b0866	306facf7-98ce-4eb5-8527-6eee6ca2c6b5	\\x0a08083210321804200a1a203463393138346633376366663031626364633332646334383665633336393631	1	t	\N	\N	\N	CLEAR	f	f	\N
4f83a11d-2fe2-43d1-8f50-8945a16069f9	9e2dec7b-43be-45a3-8b4f-b9bbeff4d877	INFO	f	Remove this 'public' modifier.	9	\N	OPEN	\N	3ce675ca6ee43524339e29e7e5a86012	\N	hjstephan86@gmail.com	2	1765526906614	1765526906614	1764357326000	1765526888000	\N	junit,tests	2cb94d17-ea38-4912-8260-6a50798b0866	306facf7-98ce-4eb5-8527-6eee6ca2c6b5	\\x0a0808091009180020061a203463393138346633376366663031626364633332646334383665633336393631	1	t	\N	\N	\N	CLEAR	f	f	\N
cbd6d041-a892-4352-acc5-934de3555988	9e2dec7b-43be-45a3-8b4f-b9bbeff4d877	INFO	f	Remove this 'public' modifier.	10	\N	OPEN	\N	bec5a02d2a5abfd69667786445062141	\N	hjstephan86@gmail.com	2	1765526906614	1765526906614	1764357326000	1765526888000	\N	junit,tests	3413ca7c-a3bc-46a2-bb38-d6656cd1ca3a	306facf7-98ce-4eb5-8527-6eee6ca2c6b5	\\x0a08080a100a1804200a1a203463393138346633376366663031626364633332646334383665633336393631	1	t	\N	\N	\N	CLEAR	f	f	\N
8745d54e-f08d-480e-8e2a-3e8566c6470f	9e2dec7b-43be-45a3-8b4f-b9bbeff4d877	INFO	f	Remove this 'public' modifier.	20	\N	OPEN	\N	ee02f6790c90b3d6130bfbb981e4bda5	\N	hjstephan86@gmail.com	2	1765526906614	1765526906614	1764357326000	1765526888000	\N	junit,tests	3413ca7c-a3bc-46a2-bb38-d6656cd1ca3a	306facf7-98ce-4eb5-8527-6eee6ca2c6b5	\\x0a08081410141804200a1a203463393138346633376366663031626364633332646334383665633336393631	1	t	\N	\N	\N	CLEAR	f	f	\N
b1897abb-45cc-4d0f-8d0c-edfba8b42a5b	9e2dec7b-43be-45a3-8b4f-b9bbeff4d877	INFO	f	Remove this 'public' modifier.	7	\N	OPEN	\N	f9a76f89395b1366a8f263882c6278ab	\N	hjstephan86@gmail.com	2	1765526906614	1765526906614	1764357326000	1765526888000	\N	junit,tests	3413ca7c-a3bc-46a2-bb38-d6656cd1ca3a	306facf7-98ce-4eb5-8527-6eee6ca2c6b5	\\x0a0808071007180020061a203463393138346633376366663031626364633332646334383665633336393631	1	t	\N	\N	\N	CLEAR	f	f	\N
4791a681-e699-43f5-9a45-a13d63f60176	9e2dec7b-43be-45a3-8b4f-b9bbeff4d877	INFO	f	Remove this 'public' modifier.	13	\N	OPEN	\N	840c4bc38f924a9c160247c43c7bad8a	\N	hjstephan86@gmail.com	2	1765526906614	1765526906614	1764592932000	1765526888000	\N	junit,tests	4a21c700-a0e1-4e0b-870b-b4e743bbb27d	306facf7-98ce-4eb5-8527-6eee6ca2c6b5	\\x0a08080d100d1804200a1a203463393138346633376366663031626364633332646334383665633336393631	1	t	\N	\N	\N	CLEAR	f	f	\N
b7ee41a1-9536-4ca6-aafc-b8ea43ecfc9b	9e2dec7b-43be-45a3-8b4f-b9bbeff4d877	INFO	f	Remove this 'public' modifier.	22	\N	OPEN	\N	01fd3a8b55f6cb3331ca4e86b2f42458	\N	hjstephan86@gmail.com	2	1765526906614	1765526906614	1764592932000	1765526888000	\N	junit,tests	4a21c700-a0e1-4e0b-870b-b4e743bbb27d	306facf7-98ce-4eb5-8527-6eee6ca2c6b5	\\x0a08081610161804200a1a203463393138346633376366663031626364633332646334383665633336393631	1	t	\N	\N	\N	CLEAR	f	f	\N
5e076eca-c28b-4e19-b32b-1e7ff0c7d397	9e2dec7b-43be-45a3-8b4f-b9bbeff4d877	INFO	f	Remove this 'public' modifier.	10	\N	OPEN	\N	b70e7ee80e4193eb4e9bd5f8cff2e139	\N	hjstephan86@gmail.com	2	1765526906614	1765526906614	1764592932000	1765526888000	\N	junit,tests	4a21c700-a0e1-4e0b-870b-b4e743bbb27d	306facf7-98ce-4eb5-8527-6eee6ca2c6b5	\\x0a08080a100a180020061a203463393138346633376366663031626364633332646334383665633336393631	1	t	\N	\N	\N	CLEAR	f	f	\N
f045a4d0-58d3-47c0-87fe-4ade97d34a18	9e2dec7b-43be-45a3-8b4f-b9bbeff4d877	INFO	f	Remove this 'public' modifier.	10	\N	OPEN	\N	bec5a02d2a5abfd69667786445062141	\N	hjstephan86@gmail.com	2	1765526906614	1765526906614	1764592932000	1765526888000	\N	junit,tests	67be93a6-a3f5-4d09-9040-71469f6c4b6c	306facf7-98ce-4eb5-8527-6eee6ca2c6b5	\\x0a08080a100a1804200a1a203463393138346633376366663031626364633332646334383665633336393631	1	t	\N	\N	\N	CLEAR	f	f	\N
beed60e2-487a-4461-8980-abd9b307ae2d	9e2dec7b-43be-45a3-8b4f-b9bbeff4d877	INFO	f	Remove this 'public' modifier.	7	\N	OPEN	\N	3ab479a2d92e4387e0c1193680c7ca32	\N	hjstephan86@gmail.com	2	1765526906614	1765526906614	1764592932000	1765526888000	\N	junit,tests	67be93a6-a3f5-4d09-9040-71469f6c4b6c	306facf7-98ce-4eb5-8527-6eee6ca2c6b5	\\x0a0808071007180020061a203463393138346633376366663031626364633332646334383665633336393631	1	t	\N	\N	\N	CLEAR	f	f	\N
ab85f1c1-28b1-4699-9144-9719bd436bd7	9e2dec7b-43be-45a3-8b4f-b9bbeff4d877	INFO	f	Remove this 'public' modifier.	15	\N	OPEN	\N	dd84bd737616d170f078a6fe138ab87c	\N	hjstephan86@gmail.com	2	1765526906614	1765526906614	1764357326000	1765526888000	\N	junit,tests	97a39ba4-5af4-4939-b530-132d433fc555	306facf7-98ce-4eb5-8527-6eee6ca2c6b5	\\x0a08080f100f1804200a1a203463393138346633376366663031626364633332646334383665633336393631	1	t	\N	\N	\N	CLEAR	f	f	\N
e35f5c9b-a7cb-4748-8a1f-66e1cc91852c	9e2dec7b-43be-45a3-8b4f-b9bbeff4d877	INFO	f	Remove this 'public' modifier.	23	\N	OPEN	\N	69bb84e7584a0801dc6f04568927c945	\N	hjstephan86@gmail.com	2	1765526906614	1765526906614	1764357326000	1765526888000	\N	junit,tests	97a39ba4-5af4-4939-b530-132d433fc555	306facf7-98ce-4eb5-8527-6eee6ca2c6b5	\\x0a08081710171804200a1a203463393138346633376366663031626364633332646334383665633336393631	1	t	\N	\N	\N	CLEAR	f	f	\N
c4166120-9a97-476a-9609-d48114f281ef	9e2dec7b-43be-45a3-8b4f-b9bbeff4d877	INFO	f	Remove this 'public' modifier.	43	\N	OPEN	\N	01fd3a8b55f6cb3331ca4e86b2f42458	\N	hjstephan86@gmail.com	2	1765526906614	1765526906614	1764357326000	1765526888000	\N	junit,tests	97a39ba4-5af4-4939-b530-132d433fc555	306facf7-98ce-4eb5-8527-6eee6ca2c6b5	\\x0a08082b102b1804200a1a203463393138346633376366663031626364633332646334383665633336393631	1	t	\N	\N	\N	CLEAR	f	f	\N
736255d1-85bb-4153-a997-7c0fb5468865	9e2dec7b-43be-45a3-8b4f-b9bbeff4d877	INFO	f	Remove this 'public' modifier.	12	\N	OPEN	\N	2f2a0a28e84a3c8544255c2039d2902e	\N	hjstephan86@gmail.com	2	1765526906614	1765526906614	1764357326000	1765526888000	\N	junit,tests	97a39ba4-5af4-4939-b530-132d433fc555	306facf7-98ce-4eb5-8527-6eee6ca2c6b5	\\x0a08080c100c180020061a203463393138346633376366663031626364633332646334383665633336393631	1	t	\N	\N	\N	CLEAR	f	f	\N
ec171a92-e399-48f9-a785-c27b6660795c	9e2dec7b-43be-45a3-8b4f-b9bbeff4d877	INFO	f	Remove this 'public' modifier.	16	\N	OPEN	\N	e95a240dbe00ff8bc79a9f2d34aa173e	\N	hjstephan86@gmail.com	2	1765526906614	1765526906614	1764357326000	1765526888000	\N	junit,tests	96eb2c5f-5649-405c-bef2-fc1ca11ceb09	306facf7-98ce-4eb5-8527-6eee6ca2c6b5	\\x0a08081010101804200a1a203463393138346633376366663031626364633332646334383665633336393631	1	t	\N	\N	\N	CLEAR	f	f	\N
838a8856-ac76-4814-beed-ce93df6c8f47	9e2dec7b-43be-45a3-8b4f-b9bbeff4d877	INFO	f	Remove this 'public' modifier.	24	\N	OPEN	\N	df002820f111a7028b497f55eb9a4ce5	\N	hjstephan86@gmail.com	2	1765526906614	1765526906614	1764357326000	1765526888000	\N	junit,tests	96eb2c5f-5649-405c-bef2-fc1ca11ceb09	306facf7-98ce-4eb5-8527-6eee6ca2c6b5	\\x0a08081810181804200a1a203463393138346633376366663031626364633332646334383665633336393631	1	t	\N	\N	\N	CLEAR	f	f	\N
9b286ce0-616c-473f-9635-76239a350cfb	9e2dec7b-43be-45a3-8b4f-b9bbeff4d877	INFO	f	Remove this 'public' modifier.	35	\N	OPEN	\N	01fd3a8b55f6cb3331ca4e86b2f42458	\N	hjstephan86@gmail.com	2	1765526906614	1765526906614	1764357326000	1765526888000	\N	junit,tests	96eb2c5f-5649-405c-bef2-fc1ca11ceb09	306facf7-98ce-4eb5-8527-6eee6ca2c6b5	\\x0a08082310231804200a1a203463393138346633376366663031626364633332646334383665633336393631	1	t	\N	\N	\N	CLEAR	f	f	\N
b89c7f67-7907-48aa-82e2-10953bd7f024	9e2dec7b-43be-45a3-8b4f-b9bbeff4d877	INFO	f	Remove this 'public' modifier.	59	\N	OPEN	\N	9deac4baab68c025bbb9f1f204c59434	\N	hjstephan86@gmail.com	2	1765526906614	1765526906614	1764834496000	1765526888000	\N	junit,tests	96eb2c5f-5649-405c-bef2-fc1ca11ceb09	306facf7-98ce-4eb5-8527-6eee6ca2c6b5	\\x0a08083b103b1804200a1a203463393138346633376366663031626364633332646334383665633336393631	1	t	\N	\N	\N	CLEAR	f	f	\N
89cf0995-7e7a-4ccc-9e4f-a4069661c720	9e2dec7b-43be-45a3-8b4f-b9bbeff4d877	INFO	f	Remove this 'public' modifier.	67	\N	OPEN	\N	b7434c2f4313090a6254fa76c68ef7ba	\N	hjstephan86@gmail.com	2	1765526906614	1765526906614	1764834496000	1765526888000	\N	junit,tests	96eb2c5f-5649-405c-bef2-fc1ca11ceb09	306facf7-98ce-4eb5-8527-6eee6ca2c6b5	\\x0a08084310431804200a1a203463393138346633376366663031626364633332646334383665633336393631	1	t	\N	\N	\N	CLEAR	f	f	\N
113f5599-8256-426b-801d-47454d1db186	9e2dec7b-43be-45a3-8b4f-b9bbeff4d877	INFO	f	Remove this 'public' modifier.	75	\N	OPEN	\N	f1d7d33222069bb0d0f480acd66c9997	\N	hjstephan86@gmail.com	2	1765526906614	1765526906614	1764871273000	1765526888000	\N	junit,tests	96eb2c5f-5649-405c-bef2-fc1ca11ceb09	306facf7-98ce-4eb5-8527-6eee6ca2c6b5	\\x0a08084b104b1804200a1a203463393138346633376366663031626364633332646334383665633336393631	1	t	\N	\N	\N	CLEAR	f	f	\N
d9a63bf9-62d7-41d1-beb7-251b0b6db863	9e2dec7b-43be-45a3-8b4f-b9bbeff4d877	INFO	f	Remove this 'public' modifier.	84	\N	OPEN	\N	5a291e010cc130f0a6517c7103d3d702	\N	hjstephan86@gmail.com	2	1765526906614	1765526906614	1764871273000	1765526888000	\N	junit,tests	96eb2c5f-5649-405c-bef2-fc1ca11ceb09	306facf7-98ce-4eb5-8527-6eee6ca2c6b5	\\x0a08085410541804200a1a203463393138346633376366663031626364633332646334383665633336393631	1	t	\N	\N	\N	CLEAR	f	f	\N
4417dd3e-220e-4419-ad09-f6c1a1437bee	9e2dec7b-43be-45a3-8b4f-b9bbeff4d877	INFO	f	Remove this 'public' modifier.	92	\N	OPEN	\N	6b7719ac592938766309ed700c995b43	\N	hjstephan86@gmail.com	2	1765526906614	1765526906614	1764834496000	1765526888000	\N	junit,tests	96eb2c5f-5649-405c-bef2-fc1ca11ceb09	306facf7-98ce-4eb5-8527-6eee6ca2c6b5	\\x0a08085c105c1804200a1a203463393138346633376366663031626364633332646334383665633336393631	1	t	\N	\N	\N	CLEAR	f	f	\N
abea4cea-a872-4a8e-a036-46cfb32fdfdf	9e2dec7b-43be-45a3-8b4f-b9bbeff4d877	INFO	f	Remove this 'public' modifier.	100	\N	OPEN	\N	30cf6e4605f02176daba8f332ced77c2	\N	hjstephan86@gmail.com	2	1765526906614	1765526906614	1764834496000	1765526888000	\N	junit,tests	96eb2c5f-5649-405c-bef2-fc1ca11ceb09	306facf7-98ce-4eb5-8527-6eee6ca2c6b5	\\x0a08086410641804200a1a203463393138346633376366663031626364633332646334383665633336393631	1	t	\N	\N	\N	CLEAR	f	f	\N
7c45732e-a694-45c2-8907-4fa7c15828ea	9e2dec7b-43be-45a3-8b4f-b9bbeff4d877	INFO	f	Remove this 'public' modifier.	108	\N	OPEN	\N	8ad9d3b50097523164f67dda33218873	\N	hjstephan86@gmail.com	2	1765526906614	1765526906614	1764834496000	1765526888000	\N	junit,tests	96eb2c5f-5649-405c-bef2-fc1ca11ceb09	306facf7-98ce-4eb5-8527-6eee6ca2c6b5	\\x0a08086c106c1804200a1a203463393138346633376366663031626364633332646334383665633336393631	1	t	\N	\N	\N	CLEAR	f	f	\N
13e629fb-bbbf-4b47-ad01-4a38ccbd7e57	9e2dec7b-43be-45a3-8b4f-b9bbeff4d877	INFO	f	Remove this 'public' modifier.	116	\N	OPEN	\N	bca24d6609b176a77d6e280b6d7ddb3a	\N	hjstephan86@gmail.com	2	1765526906614	1765526906614	1764834496000	1765526888000	\N	junit,tests	96eb2c5f-5649-405c-bef2-fc1ca11ceb09	306facf7-98ce-4eb5-8527-6eee6ca2c6b5	\\x0a08087410741804200a1a203463393138346633376366663031626364633332646334383665633336393631	1	t	\N	\N	\N	CLEAR	f	f	\N
5b99217a-ded9-4a93-90a0-7b15a8d2efd7	9e2dec7b-43be-45a3-8b4f-b9bbeff4d877	INFO	f	Remove this 'public' modifier.	124	\N	OPEN	\N	baf6467fb501cfb3cc958648c8a40c0d	\N	hjstephan86@gmail.com	2	1765526906614	1765526906614	1764834496000	1765526888000	\N	junit,tests	96eb2c5f-5649-405c-bef2-fc1ca11ceb09	306facf7-98ce-4eb5-8527-6eee6ca2c6b5	\\x0a08087c107c1804200a1a203463393138346633376366663031626364633332646334383665633336393631	1	t	\N	\N	\N	CLEAR	f	f	\N
cec8d668-1a80-40ea-9741-73f320eee448	9e2dec7b-43be-45a3-8b4f-b9bbeff4d877	INFO	f	Remove this 'public' modifier.	132	\N	OPEN	\N	20b3d3b5aad94c66ef175e484d03e6b5	\N	hjstephan86@gmail.com	2	1765526906614	1765526906614	1764834496000	1765526888000	\N	junit,tests	96eb2c5f-5649-405c-bef2-fc1ca11ceb09	306facf7-98ce-4eb5-8527-6eee6ca2c6b5	\\x0a0a0884011084011804200a1a203463393138346633376366663031626364633332646334383665633336393631	1	t	\N	\N	\N	CLEAR	f	f	\N
6031e66f-08a8-4a49-81c5-d2621e4c75c3	9e2dec7b-43be-45a3-8b4f-b9bbeff4d877	INFO	f	Remove this 'public' modifier.	140	\N	OPEN	\N	5363713759477a9f1f50df9ea155b1ba	\N	hjstephan86@gmail.com	2	1765526906614	1765526906614	1764834496000	1765526888000	\N	junit,tests	96eb2c5f-5649-405c-bef2-fc1ca11ceb09	306facf7-98ce-4eb5-8527-6eee6ca2c6b5	\\x0a0a088c01108c011804200a1a203463393138346633376366663031626364633332646334383665633336393631	1	t	\N	\N	\N	CLEAR	f	f	\N
a73af8a6-372c-4703-a28b-aebcaf1ee04a	9e2dec7b-43be-45a3-8b4f-b9bbeff4d877	INFO	f	Remove this 'public' modifier.	148	\N	OPEN	\N	504878d377acdb267abbd7b301dc56bf	\N	hjstephan86@gmail.com	2	1765526906614	1765526906614	1764834496000	1765526888000	\N	junit,tests	96eb2c5f-5649-405c-bef2-fc1ca11ceb09	306facf7-98ce-4eb5-8527-6eee6ca2c6b5	\\x0a0a0894011094011804200a1a203463393138346633376366663031626364633332646334383665633336393631	1	t	\N	\N	\N	CLEAR	f	f	\N
6deb87d9-3e5a-4901-8c81-0f77301c760e	9e2dec7b-43be-45a3-8b4f-b9bbeff4d877	INFO	f	Remove this 'public' modifier.	156	\N	OPEN	\N	a6e958ed621db10e65209c1e48b1f7bc	\N	hjstephan86@gmail.com	2	1765526906614	1765526906614	1764834496000	1765526888000	\N	junit,tests	96eb2c5f-5649-405c-bef2-fc1ca11ceb09	306facf7-98ce-4eb5-8527-6eee6ca2c6b5	\\x0a0a089c01109c011804200a1a203463393138346633376366663031626364633332646334383665633336393631	1	t	\N	\N	\N	CLEAR	f	f	\N
68a1ac04-610b-4b9d-8464-05becb967a96	9e2dec7b-43be-45a3-8b4f-b9bbeff4d877	INFO	f	Remove this 'public' modifier.	164	\N	OPEN	\N	5526fbac46d60b3ae09636470e964947	\N	hjstephan86@gmail.com	2	1765526906614	1765526906614	1764834496000	1765526888000	\N	junit,tests	96eb2c5f-5649-405c-bef2-fc1ca11ceb09	306facf7-98ce-4eb5-8527-6eee6ca2c6b5	\\x0a0a08a40110a4011804200a1a203463393138346633376366663031626364633332646334383665633336393631	1	t	\N	\N	\N	CLEAR	f	f	\N
e9913ed2-4f29-45fd-afe4-00ec487dc733	9e2dec7b-43be-45a3-8b4f-b9bbeff4d877	INFO	f	Remove this 'public' modifier.	172	\N	OPEN	\N	86b74ef55f1ac7e2bece1a4aa4632c55	\N	hjstephan86@gmail.com	2	1765526906614	1765526906614	1764834496000	1765526888000	\N	junit,tests	96eb2c5f-5649-405c-bef2-fc1ca11ceb09	306facf7-98ce-4eb5-8527-6eee6ca2c6b5	\\x0a0a08ac0110ac011804200a1a203463393138346633376366663031626364633332646334383665633336393631	1	t	\N	\N	\N	CLEAR	f	f	\N
ee94e1da-8f85-4dba-81d7-df32cf6897c8	9e2dec7b-43be-45a3-8b4f-b9bbeff4d877	INFO	f	Remove this 'public' modifier.	180	\N	OPEN	\N	05e15feacec39afd4c38f5af7a3ecea7	\N	hjstephan86@gmail.com	2	1765526906614	1765526906614	1764834496000	1765526888000	\N	junit,tests	96eb2c5f-5649-405c-bef2-fc1ca11ceb09	306facf7-98ce-4eb5-8527-6eee6ca2c6b5	\\x0a0a08b40110b4011804200a1a203463393138346633376366663031626364633332646334383665633336393631	1	t	\N	\N	\N	CLEAR	f	f	\N
a6f4b189-69de-4036-8a2f-b2177d8116b5	9e2dec7b-43be-45a3-8b4f-b9bbeff4d877	INFO	f	Remove this 'public' modifier.	188	\N	OPEN	\N	b40357966b6019f9256b263135a5f1d0	\N	hjstephan86@gmail.com	2	1765526906614	1765526906614	1764834496000	1765526888000	\N	junit,tests	96eb2c5f-5649-405c-bef2-fc1ca11ceb09	306facf7-98ce-4eb5-8527-6eee6ca2c6b5	\\x0a0a08bc0110bc011804200a1a203463393138346633376366663031626364633332646334383665633336393631	1	t	\N	\N	\N	CLEAR	f	f	\N
58116472-03a2-44c1-8e56-5f411acad948	9e2dec7b-43be-45a3-8b4f-b9bbeff4d877	INFO	f	Remove this 'public' modifier.	196	\N	OPEN	\N	e2b4b38ba2d8f9573c5adf3961b7485d	\N	hjstephan86@gmail.com	2	1765526906614	1765526906614	1764834496000	1765526888000	\N	junit,tests	96eb2c5f-5649-405c-bef2-fc1ca11ceb09	306facf7-98ce-4eb5-8527-6eee6ca2c6b5	\\x0a0a08c40110c4011804200a1a203463393138346633376366663031626364633332646334383665633336393631	1	t	\N	\N	\N	CLEAR	f	f	\N
ee971d2b-ab27-4437-b17c-72beeb067ac2	9e2dec7b-43be-45a3-8b4f-b9bbeff4d877	INFO	f	Remove this 'public' modifier.	204	\N	OPEN	\N	468503d12ba6c6e0aafd04095d83e113	\N	hjstephan86@gmail.com	2	1765526906614	1765526906614	1764834496000	1765526888000	\N	junit,tests	96eb2c5f-5649-405c-bef2-fc1ca11ceb09	306facf7-98ce-4eb5-8527-6eee6ca2c6b5	\\x0a0a08cc0110cc011804200a1a203463393138346633376366663031626364633332646334383665633336393631	1	t	\N	\N	\N	CLEAR	f	f	\N
d7f20d9a-8b68-4c45-aecb-d6bfbcfcba28	9e2dec7b-43be-45a3-8b4f-b9bbeff4d877	INFO	f	Remove this 'public' modifier.	212	\N	OPEN	\N	22c921f353e12cf55bf79bb5c1feb360	\N	hjstephan86@gmail.com	2	1765526906614	1765526906614	1764834496000	1765526888000	\N	junit,tests	96eb2c5f-5649-405c-bef2-fc1ca11ceb09	306facf7-98ce-4eb5-8527-6eee6ca2c6b5	\\x0a0a08d40110d4011804200a1a203463393138346633376366663031626364633332646334383665633336393631	1	t	\N	\N	\N	CLEAR	f	f	\N
23aac349-69f5-42b9-a785-668f8576e47e	9e2dec7b-43be-45a3-8b4f-b9bbeff4d877	INFO	f	Remove this 'public' modifier.	220	\N	OPEN	\N	10ddfc828e33036cd77532980dee62a7	\N	hjstephan86@gmail.com	2	1765526906614	1765526906614	1764834496000	1765526888000	\N	junit,tests	96eb2c5f-5649-405c-bef2-fc1ca11ceb09	306facf7-98ce-4eb5-8527-6eee6ca2c6b5	\\x0a0a08dc0110dc011804200a1a203463393138346633376366663031626364633332646334383665633336393631	1	t	\N	\N	\N	CLEAR	f	f	\N
a5260caa-4b26-47e4-a9ce-7651f9190785	9e2dec7b-43be-45a3-8b4f-b9bbeff4d877	INFO	f	Remove this 'public' modifier.	228	\N	OPEN	\N	d92c2886e92e7ed56da4ba6dafa6f701	\N	hjstephan86@gmail.com	2	1765526906614	1765526906614	1764834496000	1765526888000	\N	junit,tests	96eb2c5f-5649-405c-bef2-fc1ca11ceb09	306facf7-98ce-4eb5-8527-6eee6ca2c6b5	\\x0a0a08e40110e4011804200a1a203463393138346633376366663031626364633332646334383665633336393631	1	t	\N	\N	\N	CLEAR	f	f	\N
59460bbe-a773-4122-95d5-879bb2809b3f	9e2dec7b-43be-45a3-8b4f-b9bbeff4d877	INFO	f	Remove this 'public' modifier.	236	\N	OPEN	\N	d085b249a64754abf9b5362af85a2784	\N	hjstephan86@gmail.com	2	1765526906614	1765526906614	1764834496000	1765526888000	\N	junit,tests	96eb2c5f-5649-405c-bef2-fc1ca11ceb09	306facf7-98ce-4eb5-8527-6eee6ca2c6b5	\\x0a0a08ec0110ec011804200a1a203463393138346633376366663031626364633332646334383665633336393631	1	t	\N	\N	\N	CLEAR	f	f	\N
ee3d1dbf-ef12-47c7-9438-363d1104ec6f	9e2dec7b-43be-45a3-8b4f-b9bbeff4d877	INFO	f	Remove this 'public' modifier.	250	\N	OPEN	\N	37ce09162147b3fa6ef7eb3abb01b616	\N	hjstephan86@gmail.com	2	1765526906614	1765526906614	1764834496000	1765526888000	\N	junit,tests	96eb2c5f-5649-405c-bef2-fc1ca11ceb09	306facf7-98ce-4eb5-8527-6eee6ca2c6b5	\\x0a0a08fa0110fa011804200a1a203463393138346633376366663031626364633332646334383665633336393631	1	t	\N	\N	\N	CLEAR	f	f	\N
ff0af654-57fe-4dab-a072-0a2eeb679f4b	9e2dec7b-43be-45a3-8b4f-b9bbeff4d877	INFO	f	Remove this 'public' modifier.	270	\N	OPEN	\N	4b1c751318e445f0272baec38ad639b9	\N	hjstephan86@gmail.com	2	1765526906614	1765526906614	1764834496000	1765526888000	\N	junit,tests	96eb2c5f-5649-405c-bef2-fc1ca11ceb09	306facf7-98ce-4eb5-8527-6eee6ca2c6b5	\\x0a0a088e02108e021804200a1a203463393138346633376366663031626364633332646334383665633336393631	1	t	\N	\N	\N	CLEAR	f	f	\N
bb1a3a09-0277-48b9-b112-0d9fb62b3d05	9e2dec7b-43be-45a3-8b4f-b9bbeff4d877	INFO	f	Remove this 'public' modifier.	281	\N	OPEN	\N	83fed221b86442c13d346aac490c4fc1	\N	hjstephan86@gmail.com	2	1765526906614	1765526906614	1764834496000	1765526888000	\N	junit,tests	96eb2c5f-5649-405c-bef2-fc1ca11ceb09	306facf7-98ce-4eb5-8527-6eee6ca2c6b5	\\x0a0a0899021099021804200a1a203463393138346633376366663031626364633332646334383665633336393631	1	t	\N	\N	\N	CLEAR	f	f	\N
f4a01a9d-ec1f-46eb-b26a-bcd41833d3b2	9e2dec7b-43be-45a3-8b4f-b9bbeff4d877	INFO	f	Remove this 'public' modifier.	13	\N	OPEN	\N	24b4a6dbc10730fa6d0c880399695cb9	\N	hjstephan86@gmail.com	2	1765526906614	1765526906614	1764357326000	1765526888000	\N	junit,tests	96eb2c5f-5649-405c-bef2-fc1ca11ceb09	306facf7-98ce-4eb5-8527-6eee6ca2c6b5	\\x0a08080d100d180020061a203463393138346633376366663031626364633332646334383665633336393631	1	t	\N	\N	\N	CLEAR	f	f	\N
acebca98-fa9d-4470-906a-f72d5debe8b4	cda2d3a3-bda1-44be-a03b-8bf7545d782f	MINOR	f	Join these multiple assertions subject to one assertion chain.	273	\N	OPEN	\N	10ac23abedf95b18e9e4103ee6bc2d66	\N	hjstephan86@gmail.com	5	1765526906614	1765526906614	1764834496000	1765526888000	\N	tests,assertj	96eb2c5f-5649-405c-bef2-fc1ca11ceb09	306facf7-98ce-4eb5-8527-6eee6ca2c6b5	\\x0a0a0891021091021808201212200a1e120a089202109202180820121a104f7468657220617373657274546861741a206530363964663138366434616431376238646666373535373039653762623635	1	f	\N	\N	\N	CLEAR	f	f	\N
b0b60977-3190-4ce1-8c1d-1841dea40c71	9e2dec7b-43be-45a3-8b4f-b9bbeff4d877	INFO	f	Remove this 'public' modifier.	12	\N	OPEN	\N	e95a240dbe00ff8bc79a9f2d34aa173e	\N	hjstephan86@gmail.com	2	1765526906614	1765526906614	1764357326000	1765526888000	\N	junit,tests	6cc2371b-a5b7-4728-b288-22a13885af93	306facf7-98ce-4eb5-8527-6eee6ca2c6b5	\\x0a08080c100c1804200a1a203463393138346633376366663031626364633332646334383665633336393631	1	t	\N	\N	\N	CLEAR	f	f	\N
b78db0c1-3db0-45c5-a6ed-67887ea3fcd0	9e2dec7b-43be-45a3-8b4f-b9bbeff4d877	INFO	f	Remove this 'public' modifier.	22	\N	OPEN	\N	d2a0262b8ed709e442e25d37eabbe6d5	\N	hjstephan86@gmail.com	2	1765526906614	1765526906614	1764357326000	1765526888000	\N	junit,tests	6cc2371b-a5b7-4728-b288-22a13885af93	306facf7-98ce-4eb5-8527-6eee6ca2c6b5	\\x0a08081610161804200a1a203463393138346633376366663031626364633332646334383665633336393631	1	t	\N	\N	\N	CLEAR	f	f	\N
e44cc80e-04a2-4fec-ad39-4daa6893da86	9e2dec7b-43be-45a3-8b4f-b9bbeff4d877	INFO	f	Remove this 'public' modifier.	9	\N	OPEN	\N	8cc103c05f5db31ccd8a7c25188ea61c	\N	hjstephan86@gmail.com	2	1765526906614	1765526906614	1764357326000	1765526888000	\N	junit,tests	6cc2371b-a5b7-4728-b288-22a13885af93	306facf7-98ce-4eb5-8527-6eee6ca2c6b5	\\x0a0808091009180020061a203463393138346633376366663031626364633332646334383665633336393631	1	t	\N	\N	\N	CLEAR	f	f	\N
00ed8d16-1897-434b-aa4e-4927241ad44b	9e2dec7b-43be-45a3-8b4f-b9bbeff4d877	INFO	f	Remove this 'public' modifier.	63	\N	OPEN	\N	daeced7a843ef785fc5c928bff7c7bb9	\N	hjstephan86@gmail.com	2	1765526906614	1765526906614	1763988851000	1765526888000	\N	junit,tests	03731197-4af1-4d86-958f-846793ceec30	306facf7-98ce-4eb5-8527-6eee6ca2c6b5	\\x0a08083f103f1804200a1a203463393138346633376366663031626364633332646334383665633336393631	1	t	\N	\N	\N	CLEAR	f	f	\N
1ad9b54f-3279-4044-82bc-3bc39c22836e	9e2dec7b-43be-45a3-8b4f-b9bbeff4d877	INFO	f	Remove this 'public' modifier.	77	\N	OPEN	\N	67ae916f9c15793326a7c8fe8c0b1fed	\N	hjstephan86@gmail.com	2	1765526906614	1765526906614	1763988851000	1765526888000	\N	junit,tests	03731197-4af1-4d86-958f-846793ceec30	306facf7-98ce-4eb5-8527-6eee6ca2c6b5	\\x0a08084d104d1804200a1a203463393138346633376366663031626364633332646334383665633336393631	1	t	\N	\N	\N	CLEAR	f	f	\N
658dd6ed-f5bd-4908-8e6c-b69aceb1d525	9e2dec7b-43be-45a3-8b4f-b9bbeff4d877	INFO	f	Remove this 'public' modifier.	97	\N	OPEN	\N	d49560e316dd40cf1724321bce8a7dc5	\N	hjstephan86@gmail.com	2	1765526906614	1765526906614	1763988851000	1765526888000	\N	junit,tests	03731197-4af1-4d86-958f-846793ceec30	306facf7-98ce-4eb5-8527-6eee6ca2c6b5	\\x0a08086110611804200a1a203463393138346633376366663031626364633332646334383665633336393631	1	t	\N	\N	\N	CLEAR	f	f	\N
93060b65-7418-4fac-bf19-b731d41db276	9e2dec7b-43be-45a3-8b4f-b9bbeff4d877	INFO	f	Remove this 'public' modifier.	109	\N	OPEN	\N	a87fcc2d2efa7494b85383e2d47293c6	\N	hjstephan86@gmail.com	2	1765526906614	1765526906614	1763988851000	1765526888000	\N	junit,tests	03731197-4af1-4d86-958f-846793ceec30	306facf7-98ce-4eb5-8527-6eee6ca2c6b5	\\x0a08086d106d1804200a1a203463393138346633376366663031626364633332646334383665633336393631	1	t	\N	\N	\N	CLEAR	f	f	\N
15ffcecc-de77-49ba-866b-a7ee643353ad	9e2dec7b-43be-45a3-8b4f-b9bbeff4d877	INFO	f	Remove this 'public' modifier.	121	\N	OPEN	\N	2a1a8a70eea5600ba61558d4f0102329	\N	hjstephan86@gmail.com	2	1765526906614	1765526906614	1763988851000	1765526888000	\N	junit,tests	03731197-4af1-4d86-958f-846793ceec30	306facf7-98ce-4eb5-8527-6eee6ca2c6b5	\\x0a08087910791804200a1a203463393138346633376366663031626364633332646334383665633336393631	1	t	\N	\N	\N	CLEAR	f	f	\N
22df7c51-362a-4661-ae67-45a4d463a984	223beac3-1f8e-4bdd-9d55-80af9b304fdd	MAJOR	f	Refactor the body of this try/catch to have only one invocation possibly throwing a runtime exception.	100	\N	OPEN	\N	80d5b17efc16ace990c07580fc3e85eb	\N	hjstephan86@gmail.com	5	1765526906614	1765526906614	1763988851000	1765526888000	\N	junit,tests	03731197-4af1-4d86-958f-846793ceec30	306facf7-98ce-4eb5-8527-6eee6ca2c6b5	\\x0a08086410641808200b122b0a29120808651065181b202d1a1d4d6179207468726f7720612072756e74696d6520657863657074696f6e122b0a291208086510651838203d1a1d4d6179207468726f7720612072756e74696d6520657863657074696f6e122b0a291208086510651848204e1a1d4d6179207468726f7720612072756e74696d6520657863657074696f6e1a203038306636353165336663636131376466336134376332636563666362383830	1	f	\N	\N	\N	CLEAR	f	f	\N
c50516a8-ce48-4b8a-99e8-92b25e09b011	109cbbb1-c7a8-400f-b723-0ab17f746473	MINOR	f	Remove the declaration of thrown exception 'java.lang.Exception', as it cannot be thrown from method's body.	17	\N	OPEN	\N	e71c9370dc3e6a494dff4366cfd8d56d	\N	hjstephan86@gmail.com	5	1765526906614	1765526906614	1764748968000	1765526888000	\N	error-handling,unused,redundant,clumsy	96fcd633-ba31-41d6-8fb7-2c8a640c04f2	306facf7-98ce-4eb5-8527-6eee6ca2c6b5	\\x0a08081110111842204b1a206230643439393861323666356235373432616433386334616638383137653332	1	t	\N	\N	\N	CLEAR	f	f	\N
ff335846-baed-4463-9918-2b4ee0096e20	9e2dec7b-43be-45a3-8b4f-b9bbeff4d877	INFO	f	Remove this 'public' modifier.	70	\N	OPEN	\N	daeced7a843ef785fc5c928bff7c7bb9	\N	hjstephan86@gmail.com	2	1765526906614	1765526906614	1764784694000	1765526888000	\N	junit,tests	e5c8acad-acfe-4967-b741-6e73bf354f6a	306facf7-98ce-4eb5-8527-6eee6ca2c6b5	\\x0a08084610461808200e1a203463393138346633376366663031626364633332646334383665633336393631	1	t	\N	\N	\N	CLEAR	f	f	\N
988fddcb-0143-4962-8622-6f7701dc9693	9e2dec7b-43be-45a3-8b4f-b9bbeff4d877	INFO	f	Remove this 'public' modifier.	84	\N	OPEN	\N	d1e85543fb77ff5b49f76655b6a0006c	\N	hjstephan86@gmail.com	2	1765526906614	1765526906614	1764784694000	1765526888000	\N	junit,tests	e5c8acad-acfe-4967-b741-6e73bf354f6a	306facf7-98ce-4eb5-8527-6eee6ca2c6b5	\\x0a08085410541808200e1a203463393138346633376366663031626364633332646334383665633336393631	1	t	\N	\N	\N	CLEAR	f	f	\N
7878ca24-5804-470c-9550-b3ee94344e56	9e2dec7b-43be-45a3-8b4f-b9bbeff4d877	INFO	f	Remove this 'public' modifier.	105	\N	OPEN	\N	35ac70668abc8b83a1d443e61ad15905	\N	hjstephan86@gmail.com	2	1765526906614	1765526906614	1764784694000	1765526888000	\N	junit,tests	e5c8acad-acfe-4967-b741-6e73bf354f6a	306facf7-98ce-4eb5-8527-6eee6ca2c6b5	\\x0a08086910691808200e1a203463393138346633376366663031626364633332646334383665633336393631	1	t	\N	\N	\N	CLEAR	f	f	\N
bb13b477-80c5-4d16-96eb-7a6daf0ff668	9e2dec7b-43be-45a3-8b4f-b9bbeff4d877	INFO	f	Remove this 'public' modifier.	125	\N	OPEN	\N	583c00e2a6063e9271d7219941f74130	\N	hjstephan86@gmail.com	2	1765526906614	1765526906614	1764784694000	1765526888000	\N	junit,tests	e5c8acad-acfe-4967-b741-6e73bf354f6a	306facf7-98ce-4eb5-8527-6eee6ca2c6b5	\\x0a08087d107d1808200e1a203463393138346633376366663031626364633332646334383665633336393631	1	t	\N	\N	\N	CLEAR	f	f	\N
a1bf206b-240a-450f-8b34-1ccd4c44dd03	9e2dec7b-43be-45a3-8b4f-b9bbeff4d877	INFO	f	Remove this 'public' modifier.	132	\N	OPEN	\N	3f993c187a8526841e61f3ceda97f079	\N	hjstephan86@gmail.com	2	1765526906614	1765526906614	1764784694000	1765526888000	\N	junit,tests	e5c8acad-acfe-4967-b741-6e73bf354f6a	306facf7-98ce-4eb5-8527-6eee6ca2c6b5	\\x0a0a0884011084011808200e1a203463393138346633376366663031626364633332646334383665633336393631	1	t	\N	\N	\N	CLEAR	f	f	\N
3920b005-cd72-4666-821f-683660ea3a6d	9e2dec7b-43be-45a3-8b4f-b9bbeff4d877	INFO	f	Remove this 'public' modifier.	154	\N	OPEN	\N	39681dce4d2f80bff22de5a96e9955af	\N	hjstephan86@gmail.com	2	1765526906614	1765526906614	1764784694000	1765526888000	\N	junit,tests	e5c8acad-acfe-4967-b741-6e73bf354f6a	306facf7-98ce-4eb5-8527-6eee6ca2c6b5	\\x0a0a089a01109a011808200e1a203463393138346633376366663031626364633332646334383665633336393631	1	t	\N	\N	\N	CLEAR	f	f	\N
64ec0379-a6e9-4462-b858-3552f1dd04ce	9e2dec7b-43be-45a3-8b4f-b9bbeff4d877	INFO	f	Remove this 'public' modifier.	172	\N	OPEN	\N	901c89a8e49922ffd7f21d22e8d8904b	\N	hjstephan86@gmail.com	2	1765526906614	1765526906614	1764784694000	1765526888000	\N	junit,tests	e5c8acad-acfe-4967-b741-6e73bf354f6a	306facf7-98ce-4eb5-8527-6eee6ca2c6b5	\\x0a0a08ac0110ac011808200e1a203463393138346633376366663031626364633332646334383665633336393631	1	t	\N	\N	\N	CLEAR	f	f	\N
61114033-d685-45ec-9d2c-038fb986d159	9e2dec7b-43be-45a3-8b4f-b9bbeff4d877	INFO	f	Remove this 'public' modifier.	179	\N	OPEN	\N	b3640933d080e9678484e66a3ffa10d8	\N	hjstephan86@gmail.com	2	1765526906614	1765526906614	1764784694000	1765526888000	\N	junit,tests	e5c8acad-acfe-4967-b741-6e73bf354f6a	306facf7-98ce-4eb5-8527-6eee6ca2c6b5	\\x0a0a08b30110b3011808200e1a203463393138346633376366663031626364633332646334383665633336393631	1	t	\N	\N	\N	CLEAR	f	f	\N
f2507773-39ed-4066-b639-c00d7f15de70	9e2dec7b-43be-45a3-8b4f-b9bbeff4d877	INFO	f	Remove this 'public' modifier.	195	\N	OPEN	\N	4ef2004b6b7786cf58775a038a726fef	\N	hjstephan86@gmail.com	2	1765526906614	1765526906614	1764784694000	1765526888000	\N	junit,tests	e5c8acad-acfe-4967-b741-6e73bf354f6a	306facf7-98ce-4eb5-8527-6eee6ca2c6b5	\\x0a0a08c30110c3011808200e1a203463393138346633376366663031626364633332646334383665633336393631	1	t	\N	\N	\N	CLEAR	f	f	\N
71347e6e-4eff-4a84-b06b-c7634a0533c8	9e2dec7b-43be-45a3-8b4f-b9bbeff4d877	INFO	f	Remove this 'public' modifier.	209	\N	OPEN	\N	dcf27b917a7ac8930b41c535cd5e30d8	\N	hjstephan86@gmail.com	2	1765526906614	1765526906614	1764784694000	1765526888000	\N	junit,tests	e5c8acad-acfe-4967-b741-6e73bf354f6a	306facf7-98ce-4eb5-8527-6eee6ca2c6b5	\\x0a0a08d10110d1011808200e1a203463393138346633376366663031626364633332646334383665633336393631	1	t	\N	\N	\N	CLEAR	f	f	\N
05894e98-abde-4b3f-a292-f0179c5553bc	9e2dec7b-43be-45a3-8b4f-b9bbeff4d877	INFO	f	Remove this 'public' modifier.	242	\N	OPEN	\N	a8c0f861a4caacedd1afd7ddd7e680aa	\N	hjstephan86@gmail.com	2	1765526906614	1765526906614	1764784694000	1765526888000	\N	junit,tests	e5c8acad-acfe-4967-b741-6e73bf354f6a	306facf7-98ce-4eb5-8527-6eee6ca2c6b5	\\x0a0a08f20110f2011808200e1a203463393138346633376366663031626364633332646334383665633336393631	1	t	\N	\N	\N	CLEAR	f	f	\N
daadefcb-f8d6-4ee6-bbc1-5922c07aafae	9e2dec7b-43be-45a3-8b4f-b9bbeff4d877	INFO	f	Remove this 'public' modifier.	284	\N	OPEN	\N	5e83ae38604399c2abdc6ecf336480aa	\N	hjstephan86@gmail.com	2	1765526906614	1765526906614	1764784694000	1765526888000	\N	junit,tests	e5c8acad-acfe-4967-b741-6e73bf354f6a	306facf7-98ce-4eb5-8527-6eee6ca2c6b5	\\x0a0a089c02109c021808200e1a203463393138346633376366663031626364633332646334383665633336393631	1	t	\N	\N	\N	CLEAR	f	f	\N
66de7be3-c567-4c2c-b3bf-640a0c9c88da	9e2dec7b-43be-45a3-8b4f-b9bbeff4d877	INFO	f	Remove this 'public' modifier.	310	\N	OPEN	\N	a86882f2ce2a23dd8287af989f0612c8	\N	hjstephan86@gmail.com	2	1765526906614	1765526906614	1764784694000	1765526888000	\N	junit,tests	e5c8acad-acfe-4967-b741-6e73bf354f6a	306facf7-98ce-4eb5-8527-6eee6ca2c6b5	\\x0a0a08b60210b6021808200e1a203463393138346633376366663031626364633332646334383665633336393631	1	t	\N	\N	\N	CLEAR	f	f	\N
73d72263-65c9-42a4-9d51-467f3587de17	9e2dec7b-43be-45a3-8b4f-b9bbeff4d877	INFO	f	Remove this 'public' modifier.	339	\N	OPEN	\N	a28d33483634fff84363a9d102cf43f2	\N	hjstephan86@gmail.com	2	1765526906614	1765526906614	1764784694000	1765526888000	\N	junit,tests	e5c8acad-acfe-4967-b741-6e73bf354f6a	306facf7-98ce-4eb5-8527-6eee6ca2c6b5	\\x0a0a08d30210d3021808200e1a203463393138346633376366663031626364633332646334383665633336393631	1	t	\N	\N	\N	CLEAR	f	f	\N
594bcb10-53e9-4d05-9ba3-8df382bf958e	9e2dec7b-43be-45a3-8b4f-b9bbeff4d877	INFO	f	Remove this 'public' modifier.	354	\N	OPEN	\N	83027ec4da26033a55c5d5e4c388324c	\N	hjstephan86@gmail.com	2	1765526906614	1765526906614	1764784694000	1765526888000	\N	junit,tests	e5c8acad-acfe-4967-b741-6e73bf354f6a	306facf7-98ce-4eb5-8527-6eee6ca2c6b5	\\x0a0a08e20210e2021808200e1a203463393138346633376366663031626364633332646334383665633336393631	1	t	\N	\N	\N	CLEAR	f	f	\N
299add01-6a2b-4f84-9d0a-7d4e3676db52	223beac3-1f8e-4bdd-9d55-80af9b304fdd	MAJOR	f	Refactor the code of the lambda to have only one invocation possibly throwing a runtime exception.	166	\N	OPEN	\N	8f5bc4103d44b51d40933b087ea20f4f	\N	hjstephan86@gmail.com	5	1765526906614	1765526906614	1764784694000	1765526888000	\N	junit,tests	e5c8acad-acfe-4967-b741-6e73bf354f6a	306facf7-98ce-4eb5-8527-6eee6ca2c6b5	\\x0a0a08a60110a6011810201c122d0a2b120a08a70110a7011828203a1a1d4d6179207468726f7720612072756e74696d6520657863657074696f6e122d0a2b120a08a70110a701184420491a1d4d6179207468726f7720612072756e74696d6520657863657074696f6e1a206262396364626164633936343431613538613065333430353461363035303238	1	f	\N	\N	\N	CLEAR	f	f	\N
a5229611-ecd0-4271-b40c-08caa82be06c	9e2dec7b-43be-45a3-8b4f-b9bbeff4d877	INFO	f	Remove this 'public' modifier.	12	\N	OPEN	\N	ce09eb1fc672615d26fd6c42326ec515	\N	hjstephan86@gmail.com	2	1765526906614	1765526906614	1764357326000	1765526888000	\N	junit,tests	9c1a73da-646a-4e41-bb9b-a4ea4770a1b1	306facf7-98ce-4eb5-8527-6eee6ca2c6b5	\\x0a08080c100c1804200a1a203463393138346633376366663031626364633332646334383665633336393631	1	t	\N	\N	\N	CLEAR	f	f	\N
adb92e3e-ce4b-493e-945f-124df3b4f040	9e2dec7b-43be-45a3-8b4f-b9bbeff4d877	INFO	f	Remove this 'public' modifier.	9	\N	OPEN	\N	c8d6b76f4892df1957415b0bb047a874	\N	hjstephan86@gmail.com	2	1765526906614	1765526906614	1764357326000	1765526888000	\N	junit,tests	9c1a73da-646a-4e41-bb9b-a4ea4770a1b1	306facf7-98ce-4eb5-8527-6eee6ca2c6b5	\\x0a0808091009180020061a203463393138346633376366663031626364633332646334383665633336393631	1	t	\N	\N	\N	CLEAR	f	f	\N
0d817178-44af-4425-8863-ec8b34a09ec4	9e2dec7b-43be-45a3-8b4f-b9bbeff4d877	INFO	f	Remove this 'public' modifier.	49	\N	OPEN	\N	daeced7a843ef785fc5c928bff7c7bb9	\N	hjstephan86@gmail.com	2	1765526906614	1765526906614	1763988851000	1765526888000	\N	junit,tests	e2efa465-a8bc-4e41-b2dc-e59d3c1d3818	306facf7-98ce-4eb5-8527-6eee6ca2c6b5	\\x0a08083110311804200a1a203463393138346633376366663031626364633332646334383665633336393631	1	t	\N	\N	\N	CLEAR	f	f	\N
1c5644c0-0fdb-4b77-b2cf-f3e9bd5515ee	9e2dec7b-43be-45a3-8b4f-b9bbeff4d877	INFO	f	Remove this 'public' modifier.	54	\N	OPEN	\N	4f2deed1de1f8a2c945884259b234fa9	\N	hjstephan86@gmail.com	2	1765526906614	1765526906614	1763988851000	1765526888000	\N	junit,tests	e2efa465-a8bc-4e41-b2dc-e59d3c1d3818	306facf7-98ce-4eb5-8527-6eee6ca2c6b5	\\x0a08083610361804200a1a203463393138346633376366663031626364633332646334383665633336393631	1	t	\N	\N	\N	CLEAR	f	f	\N
cea2c490-6e0b-4d0c-afb5-39ac184928db	9e2dec7b-43be-45a3-8b4f-b9bbeff4d877	INFO	f	Remove this 'public' modifier.	83	\N	OPEN	\N	339e87b819a105bca3fc11a1bde79ba3	\N	hjstephan86@gmail.com	2	1765526906614	1765526906614	1763988851000	1765526888000	\N	junit,tests	e2efa465-a8bc-4e41-b2dc-e59d3c1d3818	306facf7-98ce-4eb5-8527-6eee6ca2c6b5	\\x0a08085310531804200a1a203463393138346633376366663031626364633332646334383665633336393631	1	t	\N	\N	\N	CLEAR	f	f	\N
e36b51af-9df9-42ed-81c5-938e1231ea69	9e2dec7b-43be-45a3-8b4f-b9bbeff4d877	INFO	f	Remove this 'public' modifier.	93	\N	OPEN	\N	7fa726e129896b5ab60831637a16e3d6	\N	hjstephan86@gmail.com	2	1765526906614	1765526906614	1763988851000	1765526888000	\N	junit,tests	e2efa465-a8bc-4e41-b2dc-e59d3c1d3818	306facf7-98ce-4eb5-8527-6eee6ca2c6b5	\\x0a08085d105d1804200a1a203463393138346633376366663031626364633332646334383665633336393631	1	t	\N	\N	\N	CLEAR	f	f	\N
11f4242d-1799-4560-b8a2-da6cdd108f33	9e2dec7b-43be-45a3-8b4f-b9bbeff4d877	INFO	f	Remove this 'public' modifier.	90	\N	OPEN	\N	2aa8e267653cf739f7674f27f89f7edc	\N	hjstephan86@gmail.com	2	1765607683167	1765607683167	1765607662000	1765607662000	\N	junit,tests	afe8f9ff-3833-4bce-a151-c0fa0a11dbec	306facf7-98ce-4eb5-8527-6eee6ca2c6b5	\\x0a08085a105a1804200a1a203463393138346633376366663031626364633332646334383665633336393631	1	t	\N	\N	\N	CLEAR	f	f	\N
cf4d1ede-1fab-4866-9c38-d375370c2584	9e2dec7b-43be-45a3-8b4f-b9bbeff4d877	INFO	f	Remove this 'public' modifier.	104	\N	OPEN	\N	a9a1b932ffd5861695de82aa4a2e4ab4	\N	hjstephan86@gmail.com	2	1765607683167	1765607683167	1765607662000	1765607662000	\N	junit,tests	afe8f9ff-3833-4bce-a151-c0fa0a11dbec	306facf7-98ce-4eb5-8527-6eee6ca2c6b5	\\x0a08086810681804200a1a203463393138346633376366663031626364633332646334383665633336393631	1	t	\N	\N	\N	CLEAR	f	f	\N
93a8acba-c373-4195-80f1-0cc430cce045	9e2dec7b-43be-45a3-8b4f-b9bbeff4d877	INFO	f	Remove this 'public' modifier.	114	\N	OPEN	\N	a25c124826a30cf271164fc642711a13	\N	hjstephan86@gmail.com	2	1765607683167	1765607683167	1765607662000	1765607662000	\N	junit,tests	afe8f9ff-3833-4bce-a151-c0fa0a11dbec	306facf7-98ce-4eb5-8527-6eee6ca2c6b5	\\x0a08087210721804200a1a203463393138346633376366663031626364633332646334383665633336393631	1	t	\N	\N	\N	CLEAR	f	f	\N
6fb6c100-de12-44cd-be9d-3d1282ea7a25	9e2dec7b-43be-45a3-8b4f-b9bbeff4d877	INFO	f	Remove this 'public' modifier.	126	\N	OPEN	\N	0c6221aa4f54b5a9768113239d94a806	\N	hjstephan86@gmail.com	2	1765607683167	1765607683167	1765607662000	1765607662000	\N	junit,tests	afe8f9ff-3833-4bce-a151-c0fa0a11dbec	306facf7-98ce-4eb5-8527-6eee6ca2c6b5	\\x0a08087e107e1804200a1a203463393138346633376366663031626364633332646334383665633336393631	1	t	\N	\N	\N	CLEAR	f	f	\N
4aec6c59-e62f-428f-a42d-dfc5f0ffbcc6	87ec407f-551b-435f-938e-e49a3831af10	MINOR	f	Remove this and every subsequent useless "eq(...)" invocation; pass the values directly.	117	\N	OPEN	\N	93046236066c41ec4869617c39fb0e27	\N	hjstephan86@gmail.com	2	1765607683167	1765607683167	1765607662000	1765607662000	\N	tests,mockito,clumsy	afe8f9ff-3833-4bce-a151-c0fa0a11dbec	306facf7-98ce-4eb5-8527-6eee6ca2c6b5	\\x0a0808751075181c2026120c0a0a1208087510751831203b1a203834626332383866303132353630316331383565303366653366393930373665	1	f	\N	\N	\N	CLEAR	f	f	\N
a2d40d43-2323-4baa-88bf-8740788f2c4d	9e2dec7b-43be-45a3-8b4f-b9bbeff4d877	INFO	f	Remove this 'public' modifier.	109	\N	OPEN	\N	a9a1b932ffd5861695de82aa4a2e4ab4	\N	hjstephan86@gmail.com	2	1765607683167	1765607683167	1765607662000	1765607662000	\N	junit,tests	6a3b459e-c95d-4c0a-87f7-2ebb8cc6b3cf	306facf7-98ce-4eb5-8527-6eee6ca2c6b5	\\x0a08086d106d1804200a1a203463393138346633376366663031626364633332646334383665633336393631	1	t	\N	\N	\N	CLEAR	f	f	\N
7814b19c-344f-4cc0-be94-b81e399c53d7	9e2dec7b-43be-45a3-8b4f-b9bbeff4d877	INFO	f	Remove this 'public' modifier.	117	\N	OPEN	\N	7150bfa7f313c9c85484ae05a9681e5e	\N	hjstephan86@gmail.com	2	1765607683167	1765607683167	1765607662000	1765607662000	\N	junit,tests	6a3b459e-c95d-4c0a-87f7-2ebb8cc6b3cf	306facf7-98ce-4eb5-8527-6eee6ca2c6b5	\\x0a08087510751804200a1a203463393138346633376366663031626364633332646334383665633336393631	1	t	\N	\N	\N	CLEAR	f	f	\N
64edeb64-04c3-48ee-889a-57be7fc62467	9e2dec7b-43be-45a3-8b4f-b9bbeff4d877	INFO	f	Remove this 'public' modifier.	132	\N	OPEN	\N	ec4ddae63fcbda5f7cbdb1a25c54b553	\N	hjstephan86@gmail.com	2	1765607683167	1765607683167	1765607662000	1765607662000	\N	junit,tests	6a3b459e-c95d-4c0a-87f7-2ebb8cc6b3cf	306facf7-98ce-4eb5-8527-6eee6ca2c6b5	\\x0a0a0884011084011804200a1a203463393138346633376366663031626364633332646334383665633336393631	1	t	\N	\N	\N	CLEAR	f	f	\N
a27e773f-4545-4e5c-94fa-f54f886e64af	87ec407f-551b-435f-938e-e49a3831af10	MINOR	f	Remove this and every subsequent useless "eq(...)" invocation; pass the values directly.	120	\N	OPEN	\N	da4235876691767b1b4adc0fb7482c90	\N	hjstephan86@gmail.com	2	1765607683167	1765607683167	1765607662000	1765607662000	\N	tests,mockito,clumsy	6a3b459e-c95d-4c0a-87f7-2ebb8cc6b3cf	306facf7-98ce-4eb5-8527-6eee6ca2c6b5	\\x0a0808781078181c2026120c0a0a120808781078183820421a203834626332383866303132353630316331383565303366653366393930373665	1	f	\N	\N	\N	CLEAR	f	f	\N
19a42cd9-a967-4e24-8b52-4750603bf512	9e2dec7b-43be-45a3-8b4f-b9bbeff4d877	INFO	f	Remove this 'public' modifier.	112	\N	OPEN	\N	a9a1b932ffd5861695de82aa4a2e4ab4	\N	hjstephan86@gmail.com	2	1765607683167	1765607683167	1765607662000	1765607662000	\N	junit,tests	12e40682-5635-42f9-bc56-4aaec4078c19	306facf7-98ce-4eb5-8527-6eee6ca2c6b5	\\x0a08087010701804200a1a203463393138346633376366663031626364633332646334383665633336393631	1	t	\N	\N	\N	CLEAR	f	f	\N
74ada240-6522-417e-9a7e-c071a37279fc	9e2dec7b-43be-45a3-8b4f-b9bbeff4d877	INFO	f	Remove this 'public' modifier.	120	\N	OPEN	\N	c81113d47c123cb0d684270a27e95da5	\N	hjstephan86@gmail.com	2	1765607683167	1765607683167	1765607662000	1765607662000	\N	junit,tests	12e40682-5635-42f9-bc56-4aaec4078c19	306facf7-98ce-4eb5-8527-6eee6ca2c6b5	\\x0a08087810781804200a1a203463393138346633376366663031626364633332646334383665633336393631	1	t	\N	\N	\N	CLEAR	f	f	\N
6fa58737-7a84-4687-b8a9-2093a3be180b	9e2dec7b-43be-45a3-8b4f-b9bbeff4d877	INFO	f	Remove this 'public' modifier.	136	\N	OPEN	\N	a98a063b0bc48710a663a087241fde18	\N	hjstephan86@gmail.com	2	1765607683167	1765607683167	1765607662000	1765607662000	\N	junit,tests	12e40682-5635-42f9-bc56-4aaec4078c19	306facf7-98ce-4eb5-8527-6eee6ca2c6b5	\\x0a0a0888011088011804200a1a203463393138346633376366663031626364633332646334383665633336393631	1	t	\N	\N	\N	CLEAR	f	f	\N
1a8e3439-5dca-485a-ab1c-db357247a1d1	cda2d3a3-bda1-44be-a03b-8bf7545d782f	MINOR	f	Join these multiple assertions subject to one assertion chain.	131	\N	OPEN	\N	ed11c549569595b039a5db462068ed2e	\N	hjstephan86@gmail.com	5	1765607683167	1765607683167	1765607662000	1765607662000	\N	tests,assertj	12e40682-5635-42f9-bc56-4aaec4078c19	306facf7-98ce-4eb5-8527-6eee6ca2c6b5	\\x0a0a0883011083011808201212200a1e120a088401108401180820121a104f7468657220617373657274546861741a206530363964663138366434616431376238646666373535373039653762623635	1	f	\N	\N	\N	CLEAR	f	f	\N
90189f07-07eb-4926-aa3a-ad674e8f757e	87ec407f-551b-435f-938e-e49a3831af10	MINOR	f	Remove this and every subsequent useless "eq(...)" invocation; pass the values directly.	123	\N	OPEN	\N	81a63a62338332d38542deb1d922e46b	\N	hjstephan86@gmail.com	2	1765607683167	1765607683167	1765607662000	1765607662000	\N	tests,mockito,clumsy	12e40682-5635-42f9-bc56-4aaec4078c19	306facf7-98ce-4eb5-8527-6eee6ca2c6b5	\\x0a08087b107b181c2026120c0a0a1208087b107b1830203a1a203834626332383866303132353630316331383565303366653366393930373665	1	f	\N	\N	\N	CLEAR	f	f	\N
\.


--
-- Data for Name: metrics; Type: TABLE DATA; Schema: public; Owner: sonaruser
--

COPY public.metrics (uuid, name, description, direction, domain, short_name, qualitative, val_type, enabled, worst_value, best_value, optimized_best_value, hidden, delete_historical_data, decimal_scale) FROM stdin;
12462568-cde0-4807-9ad3-d945e97b371d	lines	Lines	-1	Size	Lines	f	INT	t	\N	\N	f	f	f	\N
ab0de277-c08a-4a15-a91f-b459637c20ef	generated_lines	Number of generated lines	-1	Size	Generated Lines	f	INT	t	\N	0.00000000000000000000	t	f	f	\N
16a83bb4-f7d2-4231-a3f1-07341a8376d0	ncloc	Non commenting lines of code	-1	Size	Lines of Code	f	INT	t	\N	\N	f	f	f	\N
fe8ba0fa-e801-4da3-8766-6d6495afc0af	new_lines	New lines	-1	Size	New Lines	f	INT	t	\N	\N	f	f	t	\N
75285b57-b08a-489c-8fbb-07d03e2e6b88	ncloc_language_distribution	Non Commenting Lines of Code Distributed By Language	-1	Size	Lines of Code Per Language	f	DATA	t	\N	\N	f	f	f	\N
0c4f0e11-f766-4fc4-a12e-09e2163f3f7a	generated_ncloc	Generated non Commenting Lines of Code	-1	Size	Generated Lines of Code	f	INT	t	\N	0.00000000000000000000	t	f	f	\N
391fa85f-86a5-4387-a7ae-204428562d7b	classes	Classes	-1	Size	Classes	f	INT	t	\N	\N	f	f	f	\N
69b07f2c-5ecd-4310-be73-88ba1822c7a3	files	Number of files	-1	Size	Files	f	INT	t	\N	\N	f	f	f	\N
8859f12f-4144-4541-8dd8-91c96629791a	functions	Functions	-1	Size	Functions	f	INT	t	\N	\N	f	f	f	\N
a687c8dc-cc2a-45d2-8eff-fc87502b3cbc	statements	Number of statements	-1	Size	Statements	f	INT	t	\N	\N	f	f	f	\N
8d34a5ec-bd5b-4a98-9c16-d107d23c1161	public_api	Public API	-1	Documentation	Public API	f	INT	t	\N	\N	f	t	f	\N
83708a30-47fa-4300-ac18-4b3ec6cd59f2	projects	Number of project branches	-1	Size	Project branches	f	INT	t	\N	\N	f	f	f	\N
3873c5e4-8c8a-433f-bb3a-f9408b61eef9	comment_lines	Number of comment lines	1	Size	Comment Lines	f	INT	t	\N	\N	f	f	f	\N
7d5b00c4-2277-4fec-a8fc-f1eced7e9ce5	comment_lines_density	Comments balanced by ncloc + comment lines	1	Size	Comments (%)	t	PERCENT	t	0.00000000000000000000	100.00000000000000000000	f	f	f	1
f57920c0-aaca-4b6e-b5b9-9c0fef51220d	public_documented_api_density	Public documented classes and functions balanced by ncloc	1	Documentation	Public Documented API (%)	t	PERCENT	t	0.00000000000000000000	100.00000000000000000000	t	t	f	1
344d1ba4-0ad2-425e-8e35-f9c6d06100b3	public_undocumented_api	Public undocumented classes, functions and variables	-1	Documentation	Public Undocumented API	t	INT	t	\N	0.00000000000000000000	t	t	f	\N
d401068e-912d-4ac3-b3c6-e54376ca08e5	complexity	Cyclomatic complexity	-1	Complexity	Cyclomatic Complexity	f	INT	t	\N	\N	f	f	f	\N
3f450bfc-2ede-4b56-a8cd-4d97dd28a584	cognitive_complexity	Cognitive complexity	-1	Complexity	Cognitive Complexity	f	INT	t	\N	0.00000000000000000000	t	f	f	\N
9cbbdb31-ccb3-46ec-84ff-47b402731ce6	tests	Number of unit tests	1	Coverage	Unit Tests	f	INT	t	\N	\N	f	f	f	\N
5e32d856-3082-45a7-b540-da304f9ab9f9	test_execution_time	Execution duration of unit tests	-1	Coverage	Unit Test Duration	f	MILLISEC	t	\N	\N	f	f	f	\N
0f817005-04c0-404f-acef-d664e857acb4	test_errors	Number of unit test errors	-1	Coverage	Unit Test Errors	t	INT	t	\N	0.00000000000000000000	t	f	f	\N
ee727699-8d33-47c8-9254-9fd4c111e6d9	skipped_tests	Number of skipped unit tests	-1	Coverage	Skipped Unit Tests	t	INT	t	\N	0.00000000000000000000	t	f	f	\N
77dc79dc-fe05-4c91-a199-5302b84d9a08	test_failures	Number of unit test failures	-1	Coverage	Unit Test Failures	t	INT	t	\N	0.00000000000000000000	t	f	f	\N
cfd686e9-a570-4ede-a4be-64be5a888c86	test_success_density	Density of successful unit tests	1	Coverage	Unit Test Success (%)	t	PERCENT	t	0.00000000000000000000	100.00000000000000000000	t	f	f	1
77d3bfd6-671a-494e-8441-100d878aa8d9	coverage	Coverage by tests	1	Coverage	Coverage	t	PERCENT	t	0.00000000000000000000	100.00000000000000000000	f	f	f	1
f62c2560-4ce4-4911-b9e2-f9063c3ed87c	new_coverage	Coverage of new/changed code	1	Coverage	Coverage on New Code	t	PERCENT	t	0.00000000000000000000	100.00000000000000000000	f	f	t	1
b36a4c26-9a1a-4997-bf3d-761496b5f5ce	lines_to_cover	Lines to cover	-1	Coverage	Lines to Cover	f	INT	t	\N	\N	f	f	f	\N
7f19dadb-8682-48d3-bf28-fcbc61f14015	new_lines_to_cover	Lines to cover on new code	-1	Coverage	Lines to Cover on New Code	f	INT	t	\N	\N	f	f	t	\N
39413050-cb84-4f12-a41a-30eb8429547a	uncovered_lines	Uncovered lines	-1	Coverage	Uncovered Lines	f	INT	t	\N	0.00000000000000000000	f	f	f	\N
4d11011b-b113-4e2d-ae94-bf70c9a46e91	new_uncovered_lines	Uncovered lines on new code	-1	Coverage	Uncovered Lines on New Code	f	INT	t	\N	0.00000000000000000000	f	f	t	\N
ca127319-b526-41a0-b02c-fa600ce2a24a	line_coverage	Line coverage	1	Coverage	Line Coverage	t	PERCENT	t	0.00000000000000000000	100.00000000000000000000	f	f	f	1
f8e041e9-0ab6-40db-a8c8-47f32d0235e4	new_line_coverage	Line coverage of added/changed code	1	Coverage	Line Coverage on New Code	t	PERCENT	t	0.00000000000000000000	100.00000000000000000000	f	f	t	1
43550133-17f9-42b4-9094-6999027ede03	conditions_to_cover	Conditions to cover	-1	Coverage	Conditions to Cover	f	INT	t	\N	\N	f	f	f	\N
67099603-eda3-4bcb-82b3-4e970301ddfe	new_conditions_to_cover	Conditions to cover on new code	-1	Coverage	Conditions to Cover on New Code	f	INT	t	\N	\N	f	f	t	\N
9a5c7926-c3e1-4b67-9465-a4c921c98271	uncovered_conditions	Uncovered conditions	-1	Coverage	Uncovered Conditions	f	INT	t	\N	0.00000000000000000000	f	f	f	\N
17847b6a-5527-4def-9062-d67c7963b5f9	new_uncovered_conditions	Uncovered conditions on new code	-1	Coverage	Uncovered Conditions on New Code	f	INT	t	\N	0.00000000000000000000	f	f	t	\N
6054d0e4-a89f-4ce1-b00d-5d0170650736	branch_coverage	Condition coverage	1	Coverage	Condition Coverage	t	PERCENT	t	0.00000000000000000000	100.00000000000000000000	f	f	f	1
97b9a288-17af-4fe4-b97c-9be1c46700c8	new_branch_coverage	Condition coverage of new/changed code	1	Coverage	Condition Coverage on New Code	t	PERCENT	t	0.00000000000000000000	100.00000000000000000000	f	f	t	1
3059faf9-73ee-4e0e-9e6e-c1050627b9a1	duplicated_lines	Duplicated lines	-1	Duplications	Duplicated Lines	t	INT	t	\N	0.00000000000000000000	t	f	f	\N
5f0a714f-03bb-47ec-a2ae-c9b6eb5ca877	new_duplicated_lines	Duplicated Lines on New Code	-1	Duplications	Duplicated Lines on New Code	t	INT	t	\N	0.00000000000000000000	f	f	t	\N
5eeebc02-2132-4367-8866-b3a57899beb9	duplicated_blocks	Duplicated blocks	-1	Duplications	Duplicated Blocks	t	INT	t	\N	0.00000000000000000000	t	f	f	\N
6725d481-7bce-4f7c-b45b-21e4a61d3772	new_duplicated_blocks	Duplicated blocks on new code	-1	Duplications	Duplicated Blocks on New Code	t	INT	t	\N	0.00000000000000000000	f	f	t	\N
94ca070f-1d46-4f73-971b-0cf1bf9ded58	duplicated_files	Duplicated files	-1	Duplications	Duplicated Files	t	INT	t	\N	0.00000000000000000000	t	f	f	\N
9f292e47-7625-4b42-809a-f9366d711582	duplicated_lines_density	Duplicated lines balanced by statements	-1	Duplications	Duplicated Lines (%)	t	PERCENT	t	100.00000000000000000000	0.00000000000000000000	t	f	f	1
4ae3591b-7a8d-4016-bb19-1e1f600c85bf	new_duplicated_lines_density	Duplicated lines (%) on new code balanced by statements	-1	Duplications	Duplicated Lines (%) on New Code	t	PERCENT	t	100.00000000000000000000	0.00000000000000000000	f	f	t	1
4ab116ec-60ea-4aa9-b213-821819dd05e1	duplications_data	Duplications details	0	Duplications	Duplication Details	f	DATA	t	\N	\N	f	f	t	\N
9b535c53-ce63-4449-a5fe-cdddc8900b87	violations	Issues	-1	Issues	Issues	t	INT	t	\N	0.00000000000000000000	t	f	f	\N
06b4e278-01c1-4589-a20e-34452245c467	blocker_violations	Blocker issues	-1	Issues	Blocker Issues	t	INT	t	\N	0.00000000000000000000	t	f	f	\N
ac982432-9d66-4322-9fbe-3a2e080a2316	critical_violations	Critical issues	-1	Issues	Critical Issues	t	INT	t	\N	0.00000000000000000000	t	f	f	\N
57c699e0-d842-42b9-aaa0-5688c9504dc8	major_violations	Major issues	-1	Issues	Major Issues	t	INT	t	\N	0.00000000000000000000	t	f	f	\N
513640ff-fb12-445e-b63a-fd913d642c82	minor_violations	Minor issues	-1	Issues	Minor Issues	t	INT	t	\N	0.00000000000000000000	t	f	f	\N
2053acad-76c8-4ac7-a198-aa96ec74a777	info_violations	Info issues	-1	Issues	Info Issues	t	INT	t	\N	0.00000000000000000000	t	f	f	\N
c2d3add2-0427-45d8-aed2-9c0b421ad5da	new_violations	New issues	-1	Issues	New Issues	t	INT	t	\N	0.00000000000000000000	t	f	t	\N
f6b0af45-8bed-4cb1-ba66-90aee37d6699	new_blocker_violations	New Blocker issues	-1	Issues	New Blocker Issues	t	INT	t	\N	0.00000000000000000000	t	f	t	\N
e5680245-8a56-4ba7-871a-8d6f031b74f8	new_critical_violations	New Critical issues	-1	Issues	New Critical Issues	t	INT	t	\N	0.00000000000000000000	t	f	t	\N
969f0a7a-c62c-464f-a124-01f429a466ff	new_major_violations	New Major issues	-1	Issues	New Major Issues	t	INT	t	\N	0.00000000000000000000	t	f	t	\N
a31431a7-2a6d-446e-a926-f320089aa565	new_minor_violations	New Minor issues	-1	Issues	New Minor Issues	t	INT	t	\N	0.00000000000000000000	t	f	t	\N
a03cfea9-3733-4ae3-b172-abcc41d7b350	new_info_violations	New Info issues	-1	Issues	New Info Issues	t	INT	t	\N	0.00000000000000000000	t	f	t	\N
85af9566-8ffe-4c1c-9eb3-8a87283f86e8	false_positive_issues	False positive issues	-1	Issues	False Positive Issues	f	INT	t	\N	0.00000000000000000000	t	f	f	\N
da31b775-0244-4b0d-8353-3ff10e1654a5	accepted_issues	Accepted issues	-1	Issues	Accepted Issues	f	INT	t	\N	0.00000000000000000000	t	f	f	\N
29453fd0-af00-4b14-bd8e-2f7daed46683	new_accepted_issues	New accepted issues	-1	Issues	New Accepted Issues	f	INT	t	\N	0.00000000000000000000	t	f	t	\N
e413e07b-1d68-4f0a-bdd7-b2995aca138b	high_impact_accepted_issues	Accepted issues with blocker or high impact	-1	Issues	Blocker and High Severity Accepted Issues	f	INT	t	\N	0.00000000000000000000	t	f	f	\N
398dd9c0-2110-453f-b693-1d26cb7e50fb	maintainability_issues	Maintainability issues	0	Maintainability	Maintainability Issues	f	DATA	t	\N	\N	f	f	f	\N
6ab3d374-8b96-451c-b335-d1719e0d736e	new_maintainability_issues	New maintainability issues	0	Maintainability	New Maintainability Issues	f	DATA	t	\N	\N	f	f	t	\N
fa779356-3e5f-448a-9bbd-68b9ed2b0087	reliability_issues	Reliability issues	0	Reliability	Reliability Issues	f	DATA	t	\N	\N	f	f	f	\N
4f7d88a0-66cd-427b-92c5-0631edba5085	new_reliability_issues	New reliability issues	0	Reliability	New Reliability Issues	f	DATA	t	\N	\N	f	f	t	\N
fde8a52b-ef84-43a6-b4df-267d8686b7e0	security_issues	Security issues	0	Security	Security Issues	f	DATA	t	\N	\N	f	f	f	\N
ed6f78c0-17bc-43b0-8fb1-bc6871decb6c	new_security_issues	New security issues	0	Security	New Security Issues	f	DATA	t	\N	\N	f	f	t	\N
d5af5872-fa7d-4691-8867-f53bdf4b2d60	open_issues	Open issues	-1	Issues	Open Issues	f	INT	t	\N	0.00000000000000000000	t	f	f	\N
08da20e8-0bb5-4482-be0c-44de964fc10c	reopened_issues	Reopened issues	-1	Issues	Reopened Issues	t	INT	t	\N	0.00000000000000000000	t	f	f	\N
5d13b85d-5e94-4726-8cb4-cd0f921f5f12	confirmed_issues	Confirmed issues	-1	Issues	Confirmed Issues	t	INT	t	\N	0.00000000000000000000	t	f	f	\N
51756bb3-879f-4065-b216-40e9bad474be	code_smells	Code Smells	-1	Maintainability	Code Smells	f	INT	t	\N	0.00000000000000000000	t	f	f	\N
42199fbf-123a-4907-82f8-f9e2ffd77a2a	new_code_smells	New Code Smells	-1	Maintainability	New Code Smells	t	INT	t	\N	0.00000000000000000000	t	f	t	\N
3b21c538-cc94-44c9-a79f-39f15e8104b0	bugs	Bugs	-1	Reliability	Bugs	f	INT	t	\N	0.00000000000000000000	t	f	f	\N
0f6346cd-4e39-4c74-966c-ffad560d6fa0	new_bugs	New Bugs	-1	Reliability	New Bugs	t	INT	t	\N	0.00000000000000000000	t	f	t	\N
a2dcc71d-45cf-4360-ba2b-b7e0b9e2ca7a	vulnerabilities	Vulnerabilities	-1	Security	Vulnerabilities	f	INT	t	\N	0.00000000000000000000	t	f	f	\N
5f591ef2-5e4a-4741-9468-6507475716d3	new_vulnerabilities	New Vulnerabilities	-1	Security	New Vulnerabilities	t	INT	t	\N	0.00000000000000000000	t	f	t	\N
4cdd7845-5264-4cd6-b4e5-cac9201d5ca8	security_hotspots	Security Hotspots	-1	SecurityReview	Security Hotspots	f	INT	t	\N	0.00000000000000000000	t	f	f	\N
27c876ba-59c6-4efd-a885-3225cd0d986c	new_security_hotspots	New Security Hotspots	-1	SecurityReview	New Security Hotspots	t	INT	t	\N	0.00000000000000000000	t	f	t	\N
f81ddb26-fed7-4c2f-812d-832c58e0dbb1	sqale_index	Total effort (in minutes) to fix all the issues on the component and therefore to comply to all the requirements.	-1	Maintainability	Technical Debt	t	WORK_DUR	t	\N	0.00000000000000000000	t	f	f	\N
fe91644a-6801-410a-86c3-0ac536363307	new_technical_debt	Added technical debt	-1	Maintainability	Added Technical Debt	t	WORK_DUR	t	\N	0.00000000000000000000	t	f	t	\N
2c46cf9c-f87b-4813-baf1-22192aef1f1c	sqale_rating	A-to-E rating based on the technical debt ratio	-1	Maintainability	Maintainability Rating	t	RATING	t	5.00000000000000000000	1.00000000000000000000	f	f	f	\N
fae360b9-f409-4f94-a015-4a12e4fe326e	new_maintainability_rating	Maintainability rating on new code	-1	Maintainability	Maintainability Rating on New Code	t	RATING	t	5.00000000000000000000	1.00000000000000000000	t	f	t	\N
2f696c2d-ce1d-4e84-9628-00848445d1a6	development_cost	Development cost	-1	Maintainability	Development Cost	t	STRING	t	\N	0.00000000000000000000	t	t	f	\N
5174c232-1b7e-4d5d-bfc4-0e3136bf0516	new_development_cost	Development cost on new code	-1	Maintainability	Development Cost on New Code	t	FLOAT	t	\N	0.00000000000000000000	t	t	f	1
43302490-93e3-4261-95c9-92544e5ad764	sqale_debt_ratio	Ratio of the actual technical debt compared to the estimated cost to develop the whole source code from scratch	-1	Maintainability	Technical Debt Ratio	t	PERCENT	t	100.00000000000000000000	0.00000000000000000000	t	f	f	1
fbd7f760-988b-48ca-9af9-39698f552e8f	new_sqale_debt_ratio	Technical Debt Ratio of new/changed code.	-1	Maintainability	Technical Debt Ratio on New Code	t	PERCENT	t	100.00000000000000000000	0.00000000000000000000	t	f	f	1
e79fcab0-4f01-4930-a61f-96e8c9a4540a	effort_to_reach_maintainability_rating_a	Effort to reach maintainability rating A	-1	Maintainability	Effort to Reach Maintainability Rating A	t	WORK_DUR	t	\N	0.00000000000000000000	t	f	f	\N
b8e0fa68-ba65-42fb-a3a3-603b8dfd1c52	reliability_remediation_effort	Reliability Remediation Effort	-1	Reliability	Reliability Remediation Effort	t	WORK_DUR	t	\N	0.00000000000000000000	t	f	f	\N
fb98fe55-2880-4f71-8624-331b37216447	new_reliability_remediation_effort	Reliability remediation effort on new code	-1	Reliability	Reliability Remediation Effort on New Code	t	WORK_DUR	t	\N	0.00000000000000000000	t	f	t	\N
fc05c511-2225-44a6-b0fc-21a699d56747	reliability_rating	Reliability rating	-1	Reliability	Reliability Rating	t	RATING	t	5.00000000000000000000	1.00000000000000000000	f	f	f	\N
55fbb0c9-af23-4306-a481-b8aa769e0223	new_reliability_rating	Reliability rating on new code	-1	Reliability	Reliability Rating on New Code	t	RATING	t	5.00000000000000000000	1.00000000000000000000	t	f	t	\N
f2574f7d-9180-4a68-ab82-e16ed1ca0c3e	security_remediation_effort	Security remediation effort	-1	Security	Security Remediation Effort	t	WORK_DUR	t	\N	0.00000000000000000000	t	f	f	\N
d6f7bb04-770f-4b09-9a62-5ad30d5dd39a	new_security_remediation_effort	Security remediation effort on new code	-1	Security	Security Remediation Effort on New Code	t	WORK_DUR	t	\N	0.00000000000000000000	t	f	t	\N
d8420cac-3742-45b8-a55c-a5e159aa0c45	security_rating	Security rating	-1	Security	Security Rating	t	RATING	t	5.00000000000000000000	1.00000000000000000000	f	f	f	\N
6a3d184f-3188-4e20-870f-1eee0124fc89	new_security_rating	Security rating on new code	-1	Security	Security Rating on New Code	t	RATING	t	5.00000000000000000000	1.00000000000000000000	t	f	t	\N
83ba2bdc-c82f-4bf9-964e-80f9765c9626	security_review_rating	Security Review Rating	-1	SecurityReview	Security Review Rating	t	RATING	t	5.00000000000000000000	1.00000000000000000000	f	f	f	\N
de792fdf-e6c4-435c-95ec-01c704b370dc	new_security_review_rating	Security Review Rating on New Code	-1	SecurityReview	Security Review Rating on New Code	t	RATING	t	5.00000000000000000000	1.00000000000000000000	t	f	t	\N
741a3e9a-c8db-40cb-b2e1-69de100e5d63	security_hotspots_reviewed	Percentage of Security Hotspots Reviewed	1	SecurityReview	Security Hotspots Reviewed	t	PERCENT	t	0.00000000000000000000	100.00000000000000000000	f	f	f	1
b20731a4-d247-44b1-b941-7fe43c84f624	new_security_hotspots_reviewed	Percentage of Security Hotspots Reviewed on New Code	1	SecurityReview	Security Hotspots Reviewed on New Code	t	PERCENT	t	0.00000000000000000000	100.00000000000000000000	f	f	t	1
54999133-a81e-4571-926a-8c079511d778	security_hotspots_reviewed_status	Security Review Reviewed Status	-1	SecurityReview	Security Review Reviewed Status	f	INT	t	\N	0.00000000000000000000	t	t	t	\N
96811027-5470-4f34-a22e-1a9a4e099ede	security_hotspots_to_review_status	Security Review To Review Status	-1	SecurityReview	Security Review To Review Status	f	INT	t	\N	0.00000000000000000000	t	t	t	\N
8ec94ce0-9691-4033-b246-ab6d87efa796	new_security_hotspots_reviewed_status	Security Review Reviewed Status on New Code	-1	SecurityReview	Security Review Reviewed Status on New Code	f	INT	t	\N	0.00000000000000000000	t	t	t	\N
dbdc4dc0-60ae-40a2-9dc3-f162a7fbe133	new_security_hotspots_to_review_status	Security Review To Review Status on New Code	-1	SecurityReview	Security Review To Review Status on New Code	f	INT	t	\N	0.00000000000000000000	t	t	t	\N
9118e93d-0c57-4166-8447-64c0f4b45115	ncloc_data	\N	0	Size	ncloc_data	f	DATA	t	\N	\N	f	t	f	\N
6957afc7-2fc7-40cf-9550-96826f4ac84b	comment_lines_data	\N	0	Size	comment_lines_data	f	DATA	t	\N	\N	f	t	f	\N
652ef57e-9a07-4c82-98e9-60bd51e764c4	executable_lines_data	\N	0	Coverage	executable_lines_data	f	DATA	t	\N	\N	f	t	f	\N
195d0079-432c-4e64-8804-12c10459aa44	alert_status	The project status with regard to its quality gate.	1	Releasability	Quality Gate Status	t	LEVEL	t	\N	\N	f	f	f	\N
356d90bc-3dfc-45de-9d8d-414d488ec4d6	quality_gate_details	The project detailed status with regard to its quality gate	0	General	Quality Gate Details	f	DATA	t	\N	\N	f	f	f	\N
60c3a1b1-d36c-45ef-9b77-04a3e922dabf	quality_profiles	Details of quality profiles used during analysis	0	General	Profiles	f	DATA	t	\N	\N	f	t	f	\N
e14582af-054b-4413-8b38-033ef7e3267c	last_commit_date	\N	0	SCM	Date of Last Commit	f	MILLISEC	t	\N	\N	f	t	f	\N
d7f69b48-0636-4e57-82ae-8efed939e5c9	analysis_from_sonarqube_9_4	Indicates whether the analysis has been run after the upgrade to SonarQube 9.4. It affects how the issues will be detected for branches that use reference branch as the strategy for detecting new code.	0	Issues	Analysis From SonarQube 9.4	f	BOOL	t	\N	\N	f	t	f	\N
6f80852a-6fd0-4d7b-84d2-1b9548c20663	pull_request_fixed_issues	Count of issues that would be fixed by the pull request.	1	Issues	Pull request fixed issues	f	INT	t	\N	\N	f	t	t	\N
d56baa39-76da-4c88-9d2e-0b0d0a43a3c9	unanalyzed_c	\N	-1	Size	Number of unanalyzed c files	f	INT	t	\N	\N	f	t	f	\N
251e1aaf-b66a-499c-8a2f-c57adc884bfe	unanalyzed_cpp	\N	-1	Size	Number of unanalyzed c++ files	f	INT	t	\N	\N	f	t	f	\N
2075c2d7-12b9-4065-886d-bba31cedffe9	prioritized_rule_issues	Count of issues that have a flag Prioritized Rule.	-1	Issues	Issues from prioritized rules	t	INT	t	\N	0.00000000000000000000	t	f	f	\N
39b4d9f1-1ea9-4227-b027-185b1191694d	issues_in_sandbox	Count of issues that are in sandbox status.	-1	Issues	Issues in Sandbox	t	INT	t	\N	0.00000000000000000000	t	t	f	\N
22cd0083-54c2-43d6-9958-3e3070a03691	new_issues_in_sandbox	Count of new issues that are in sandbox status.	-1	Issues	New Issues in Sandbox	t	INT	t	\N	0.00000000000000000000	t	t	t	\N
5d770fb8-871f-493c-a967-a9652673da3f	software_quality_maintainability_issues	Maintainability Issues	-1	Maintainability	Maintainability Issues	f	INT	t	\N	0.00000000000000000000	t	f	f	\N
0f725199-946b-41d7-82d5-f241e1a0eeb6	new_software_quality_maintainability_issues	New Maintainability Issues	-1	Maintainability	New Maintainability Issues	t	INT	t	\N	0.00000000000000000000	t	f	t	\N
3af12c0a-abfe-4146-b8a8-5b385f0d7112	software_quality_maintainability_rating	Maintainability rating	-1	Maintainability	Maintainability Rating	t	RATING	t	5.00000000000000000000	1.00000000000000000000	f	f	f	\N
e34539af-b065-4dab-ad62-0c7484e64892	new_software_quality_maintainability_rating	Maintainability rating on new code	-1	Maintainability	Maintainability Rating on New Code	t	RATING	t	5.00000000000000000000	1.00000000000000000000	t	f	t	\N
e19c774e-a81b-4d95-82c4-6d19392559eb	software_quality_reliability_issues	Reliability Issues	-1	Reliability	Reliability Issues	f	INT	t	\N	0.00000000000000000000	t	f	f	\N
dfe62437-0b7a-43ac-8144-f54adad70269	new_software_quality_reliability_issues	New Reliability Issues	-1	Reliability	New Reliability Issues	t	INT	t	\N	0.00000000000000000000	t	f	t	\N
9573b9ce-7e9f-4623-907b-98d2eeae403e	software_quality_reliability_rating	Reliability rating	-1	Reliability	Reliability Rating	t	RATING	t	5.00000000000000000000	1.00000000000000000000	f	f	f	\N
a66bb783-e197-4337-b7cb-802314b74bb9	new_software_quality_reliability_rating	Reliability rating on new code	-1	Reliability	Reliability Rating on New Code	t	RATING	t	5.00000000000000000000	1.00000000000000000000	t	f	t	\N
2062ee15-760c-4853-853f-17742ee6decb	software_quality_security_issues	Security Issues	-1	Security	Security Issues	f	INT	t	\N	0.00000000000000000000	t	f	f	\N
d2c9662a-769e-44cc-a216-261a6bbec8bf	new_software_quality_security_issues	New Security Issues	-1	Security	New Security Issues	t	INT	t	\N	0.00000000000000000000	t	f	t	\N
c5d51067-0b73-4621-b61c-bc1345a28c92	software_quality_security_rating	Security rating	-1	Security	Security Rating	t	RATING	t	5.00000000000000000000	1.00000000000000000000	f	f	f	\N
8b70b1a3-5c60-43d9-8ea8-a5ca32659963	new_software_quality_security_rating	Security rating on new code	-1	Security	Security Rating on New Code	t	RATING	t	5.00000000000000000000	1.00000000000000000000	t	f	t	\N
32b7017a-8549-4b2c-9776-97c4b93ace5f	effort_to_reach_software_quality_maintainability_rating_a	Effort to reach maintainability rating A	-1	Maintainability	Effort to Reach Maintainability Rating A	t	WORK_DUR	t	\N	0.00000000000000000000	t	f	f	\N
0c1d60c5-155a-4c58-b287-f90592e98787	software_quality_maintainability_remediation_effort	Total effort (in minutes) to fix all the maintainability issues on the component and therefore to comply to all the requirements.	-1	Maintainability	Technical Debt	t	WORK_DUR	t	\N	0.00000000000000000000	t	f	f	\N
4947c17a-5b37-4837-834c-e2b1e3ff278d	new_software_quality_maintainability_remediation_effort	Total effort (in minutes) to fix all the maintainability issues on new code on the component and therefore to comply to all the requirements.	-1	Maintainability	Added Technical Debt	t	WORK_DUR	t	\N	0.00000000000000000000	t	f	t	\N
bec6767c-fbe4-42f8-b7c2-00dc6f6f6257	software_quality_security_remediation_effort	Security remediation effort	-1	Security	Security Remediation Effort	t	WORK_DUR	t	\N	0.00000000000000000000	t	f	f	\N
56f77c5b-919c-46f0-ab79-14ac1d60dc99	new_software_quality_security_remediation_effort	Security remediation effort on new code	-1	Security	Security Remediation Effort on New Code	t	WORK_DUR	t	\N	0.00000000000000000000	t	f	t	\N
15069bb6-511d-4265-9f12-14727779256f	software_quality_reliability_remediation_effort	Reliability remediation effort	-1	Reliability	Reliability Remediation Effort	t	WORK_DUR	t	\N	0.00000000000000000000	t	f	f	\N
05b5640f-5bc3-4584-a060-0ec52067544a	new_software_quality_reliability_remediation_effort	Reliability remediation effort on new code	-1	Reliability	Reliability Remediation Effort on New Code	t	WORK_DUR	t	\N	0.00000000000000000000	t	f	t	\N
b88db8bf-634e-4c89-82a7-fcaa2afc9e1a	software_quality_maintainability_debt_ratio	Ratio of the actual technical debt compared to the estimated cost to develop the whole source code from scratch	-1	Maintainability	Technical Debt Ratio	t	PERCENT	t	100.00000000000000000000	0.00000000000000000000	t	f	f	1
80c477ff-50dc-4965-93a3-6e7e9e483c26	new_software_quality_maintainability_debt_ratio	Technical Debt Ratio on New Code	-1	Maintainability	Technical Debt Ratio on New Code	t	PERCENT	t	100.00000000000000000000	0.00000000000000000000	t	f	f	1
5066610a-7140-4f26-91fc-18b714928e0a	software_quality_blocker_issues	Blocker Severity issues	-1	Issues	Blocker Severity Issues	t	INT	t	\N	0.00000000000000000000	t	f	f	\N
7ef54ce3-d6cb-4b89-936b-d8e0398a398e	new_software_quality_blocker_issues	New Blocker Severity issues	-1	Issues	New Blocker Severity Issues	t	INT	t	\N	0.00000000000000000000	t	f	t	\N
0f2d63fd-93ba-493d-8c38-83e1b36e60c3	software_quality_high_issues	High Severity issues	-1	Issues	High Severity Issues	t	INT	t	\N	0.00000000000000000000	t	f	f	\N
fecc5efc-40c6-4067-babd-29842f7b20a3	new_software_quality_high_issues	New High Severity issues	-1	Issues	New High Severity Issues	t	INT	t	\N	0.00000000000000000000	t	f	t	\N
25d0117d-cc5a-4b3c-bdcd-f22e8d0a30ad	software_quality_medium_issues	Medium Severity issues	-1	Issues	Medium Severity Issues	t	INT	t	\N	0.00000000000000000000	t	f	f	\N
b3e05a33-2efc-4586-aa7f-4d9434aba72f	new_software_quality_medium_issues	New Medium Severity issues	-1	Issues	New Medium Severity Issues	t	INT	t	\N	0.00000000000000000000	t	f	t	\N
c1cfd257-e914-43f5-be89-c9c91bb2bc5f	software_quality_low_issues	Low Severity issues	-1	Issues	Low Severity Issues	t	INT	t	\N	0.00000000000000000000	t	f	f	\N
b423d477-eb2d-406e-9704-c5ac9b7f9fdb	new_software_quality_low_issues	New Low Severity issues	-1	Issues	New Low Severity Issues	t	INT	t	\N	0.00000000000000000000	t	f	t	\N
35273848-586b-44ac-99b9-a51c72f92394	software_quality_info_issues	Info Severity issues	-1	Issues	Info Severity Issues	t	INT	t	\N	0.00000000000000000000	t	f	f	\N
36a156e6-ae44-4447-84d1-73c8416db987	new_software_quality_info_issues	New Info Severity issues	-1	Issues	New Info Severity Issues	t	INT	t	\N	0.00000000000000000000	t	f	t	\N
\.


--
-- Data for Name: project_branches; Type: TABLE DATA; Schema: public; Owner: sonaruser
--

COPY public.project_branches (uuid, project_uuid, kee, branch_type, merge_branch_uuid, pull_request_binary, manual_baseline_analysis_uuid, created_at, updated_at, exclude_from_purge, need_issue_sync, is_main) FROM stdin;
306facf7-98ce-4eb5-8527-6eee6ca2c6b5	fe2a0b33-242e-4b13-9693-e5edb3f975e6	main	BRANCH	\N	\N	\N	1765526739870	1765607685208	t	f	t
\.


--
-- Data for Name: project_measures; Type: TABLE DATA; Schema: public; Owner: sonaruser
--

COPY public.project_measures (uuid, value, analysis_uuid, component_uuid, text_value, alert_status, alert_text, person_id, measure_data, metric_uuid) FROM stdin;
354ae129-12af-4d86-991d-1b937aa8a9e4	\N	f71f54ab-5ae9-4063-bfff-1c4b7bf516f9	306facf7-98ce-4eb5-8527-6eee6ca2c6b5	{"INFO":0,"LOW":0,"MEDIUM":0,"HIGH":0,"BLOCKER":0,"total":0}	\N	\N	\N	\N	fde8a52b-ef84-43a6-b4df-267d8686b7e0
6b2adfc6-690b-402b-bc14-8db098d50f51	0.00000000000000000000	f71f54ab-5ae9-4063-bfff-1c4b7bf516f9	306facf7-98ce-4eb5-8527-6eee6ca2c6b5	\N	\N	\N	\N	\N	da31b775-0244-4b0d-8353-3ff10e1654a5
bdf1d6cf-6be8-4088-a86e-efa5d59dfb1b	65.00000000000000000000	f71f54ab-5ae9-4063-bfff-1c4b7bf516f9	306facf7-98ce-4eb5-8527-6eee6ca2c6b5	\N	\N	\N	\N	\N	e19c774e-a81b-4d95-82c4-6d19392559eb
cb771ba5-3203-4816-9002-61b781a01321	0.00000000000000000000	f71f54ab-5ae9-4063-bfff-1c4b7bf516f9	306facf7-98ce-4eb5-8527-6eee6ca2c6b5	\N	\N	\N	\N	\N	ca127319-b526-41a0-b02c-fa600ce2a24a
1f862003-95fd-4f1e-8f2b-49da594dadb7	135.00000000000000000000	f71f54ab-5ae9-4063-bfff-1c4b7bf516f9	306facf7-98ce-4eb5-8527-6eee6ca2c6b5	\N	\N	\N	\N	\N	3873c5e4-8c8a-433f-bb3a-f9408b61eef9
362a636a-50c2-4726-be27-b38bce5854dc	238.00000000000000000000	f71f54ab-5ae9-4063-bfff-1c4b7bf516f9	306facf7-98ce-4eb5-8527-6eee6ca2c6b5	\N	\N	\N	\N	\N	9b535c53-ce63-4449-a5fe-cdddc8900b87
b6389d7e-c7ff-40e3-9304-729bacfe070f	0.00000000000000000000	f71f54ab-5ae9-4063-bfff-1c4b7bf516f9	306facf7-98ce-4eb5-8527-6eee6ca2c6b5	\N	\N	\N	\N	\N	bec6767c-fbe4-42f8-b7c2-00dc6f6f6257
06035999-ba55-4799-b729-af0edd966d18	3.00000000000000000000	f71f54ab-5ae9-4063-bfff-1c4b7bf516f9	306facf7-98ce-4eb5-8527-6eee6ca2c6b5	C	\N	\N	\N	\N	9573b9ce-7e9f-4623-907b-98d2eeae403e
dab669ed-1881-46fe-8d9d-0f8fdc9ee3fc	60.00000000000000000000	f71f54ab-5ae9-4063-bfff-1c4b7bf516f9	306facf7-98ce-4eb5-8527-6eee6ca2c6b5	\N	\N	\N	\N	\N	57c699e0-d842-42b9-aaa0-5688c9504dc8
f24de709-9f2c-4376-a3a7-6ad76003a187	0.00000000000000000000	f71f54ab-5ae9-4063-bfff-1c4b7bf516f9	306facf7-98ce-4eb5-8527-6eee6ca2c6b5	\N	\N	\N	\N	\N	ee727699-8d33-47c8-9254-9fd4c111e6d9
fde0e96c-0d72-4544-b5e7-3ab96873574c	0.00000000000000000000	f71f54ab-5ae9-4063-bfff-1c4b7bf516f9	306facf7-98ce-4eb5-8527-6eee6ca2c6b5	\N	\N	\N	\N	\N	94ca070f-1d46-4f73-971b-0cf1bf9ded58
16c57729-b546-4069-ac24-fa6e71711c9f	76.00000000000000000000	f71f54ab-5ae9-4063-bfff-1c4b7bf516f9	306facf7-98ce-4eb5-8527-6eee6ca2c6b5	\N	\N	\N	\N	\N	25d0117d-cc5a-4b3c-bdcd-f22e8d0a30ad
5d9cbed2-1a10-456f-b4cd-bad341101323	118.00000000000000000000	f71f54ab-5ae9-4063-bfff-1c4b7bf516f9	306facf7-98ce-4eb5-8527-6eee6ca2c6b5	\N	\N	\N	\N	\N	2053acad-76c8-4ac7-a198-aa96ec74a777
0af2a9f2-5551-4e41-996d-ca8c823871ad	256.00000000000000000000	f71f54ab-5ae9-4063-bfff-1c4b7bf516f9	306facf7-98ce-4eb5-8527-6eee6ca2c6b5	\N	\N	\N	\N	\N	8859f12f-4144-4541-8dd8-91c96629791a
6f624339-58e8-49f5-b29a-e6f8887f74ca	1.70000000000000000000	f71f54ab-5ae9-4063-bfff-1c4b7bf516f9	306facf7-98ce-4eb5-8527-6eee6ca2c6b5	\N	\N	\N	\N	\N	b88db8bf-634e-4c89-82a7-fcaa2afc9e1a
c75625ee-82cb-45f2-88cb-c763b6024305	0.00000000000000000000	f71f54ab-5ae9-4063-bfff-1c4b7bf516f9	306facf7-98ce-4eb5-8527-6eee6ca2c6b5	\N	\N	\N	\N	\N	a2dcc71d-45cf-4360-ba2b-b7e0b9e2ca7a
83935a37-8f7e-4f50-ab81-7d3f73b1f364	1.00000000000000000000	f71f54ab-5ae9-4063-bfff-1c4b7bf516f9	306facf7-98ce-4eb5-8527-6eee6ca2c6b5	\N	\N	\N	\N	\N	d7f69b48-0636-4e57-82ae-8efed939e5c9
afed64f6-dc16-480c-82b1-244b22fed4dd	0.00000000000000000000	f71f54ab-5ae9-4063-bfff-1c4b7bf516f9	306facf7-98ce-4eb5-8527-6eee6ca2c6b5	\N	\N	\N	\N	\N	85af9566-8ffe-4c1c-9eb3-8a87283f86e8
a66cd012-c929-4587-925e-89492059a924	7.00000000000000000000	f71f54ab-5ae9-4063-bfff-1c4b7bf516f9	306facf7-98ce-4eb5-8527-6eee6ca2c6b5	\N	\N	\N	\N	\N	ac982432-9d66-4322-9fbe-3a2e080a2316
397da464-72eb-4ef8-8224-3806d7701e97	1782.00000000000000000000	f71f54ab-5ae9-4063-bfff-1c4b7bf516f9	306facf7-98ce-4eb5-8527-6eee6ca2c6b5	\N	\N	\N	\N	\N	f81ddb26-fed7-4c2f-812d-832c58e0dbb1
4c282453-dcb0-46b7-9b86-94c430135cf3	4086.00000000000000000000	f71f54ab-5ae9-4063-bfff-1c4b7bf516f9	306facf7-98ce-4eb5-8527-6eee6ca2c6b5	\N	\N	\N	\N	\N	12462568-cde0-4807-9ad3-d945e97b371d
7af5b681-54e9-4e0e-83aa-03258c9f47bc	0.00000000000000000000	f71f54ab-5ae9-4063-bfff-1c4b7bf516f9	306facf7-98ce-4eb5-8527-6eee6ca2c6b5	\N	\N	\N	\N	\N	e413e07b-1d68-4f0a-bdd7-b2995aca138b
4493a06f-a6b7-4e10-815c-c9d4bd82ea9b	100.00000000000000000000	f71f54ab-5ae9-4063-bfff-1c4b7bf516f9	306facf7-98ce-4eb5-8527-6eee6ca2c6b5	\N	\N	\N	\N	\N	b8e0fa68-ba65-42fb-a3a3-603b8dfd1c52
4047084f-13db-4988-909c-415ad1c35592	118.00000000000000000000	f71f54ab-5ae9-4063-bfff-1c4b7bf516f9	306facf7-98ce-4eb5-8527-6eee6ca2c6b5	\N	\N	\N	\N	\N	35273848-586b-44ac-99b9-a51c72f92394
2303cae0-ce4a-4663-ac9b-d3855696fc99	220.00000000000000000000	f71f54ab-5ae9-4063-bfff-1c4b7bf516f9	306facf7-98ce-4eb5-8527-6eee6ca2c6b5	\N	\N	\N	\N	\N	51756bb3-879f-4065-b216-40e9bad474be
3ae94464-d1ce-4e36-b940-e31d243d344a	0.00000000000000000000	f71f54ab-5ae9-4063-bfff-1c4b7bf516f9	306facf7-98ce-4eb5-8527-6eee6ca2c6b5	\N	\N	\N	\N	\N	5eeebc02-2132-4367-8866-b3a57899beb9
f5bba870-1031-483c-859e-dd89ed571224	1049.00000000000000000000	f71f54ab-5ae9-4063-bfff-1c4b7bf516f9	306facf7-98ce-4eb5-8527-6eee6ca2c6b5	\N	\N	\N	\N	\N	39413050-cb84-4f12-a41a-30eb8429547a
8a6cac88-8a6e-40f5-bcf2-03d9ee04a2c2	1692.00000000000000000000	f71f54ab-5ae9-4063-bfff-1c4b7bf516f9	306facf7-98ce-4eb5-8527-6eee6ca2c6b5	\N	\N	\N	\N	\N	0c1d60c5-155a-4c58-b287-f90592e98787
ed30d44c-c4c9-46bc-a7de-703b90b0fefc	0.00000000000000000000	f71f54ab-5ae9-4063-bfff-1c4b7bf516f9	306facf7-98ce-4eb5-8527-6eee6ca2c6b5	\N	\N	\N	\N	\N	77d3bfd6-671a-494e-8441-100d878aa8d9
c32b27cc-a046-40df-b5fe-1bb459318d5d	219.00000000000000000000	f71f54ab-5ae9-4063-bfff-1c4b7bf516f9	306facf7-98ce-4eb5-8527-6eee6ca2c6b5	\N	\N	\N	\N	\N	3f450bfc-2ede-4b56-a8cd-4d97dd28a584
e8dfb121-2eb0-4e7d-a3b0-bfd4c7d71814	\N	f71f54ab-5ae9-4063-bfff-1c4b7bf516f9	306facf7-98ce-4eb5-8527-6eee6ca2c6b5	OK	OK		\N	\N	195d0079-432c-4e64-8804-12c10459aa44
50ddc3d6-e692-4206-b5a9-f2d5f65ed2b4	68.00000000000000000000	f71f54ab-5ae9-4063-bfff-1c4b7bf516f9	306facf7-98ce-4eb5-8527-6eee6ca2c6b5	\N	\N	\N	\N	\N	9cbbdb31-ccb3-46ec-84ff-47b402731ce6
afbbf3c9-75e1-4be1-809b-282d12aea65e	3313.00000000000000000000	f71f54ab-5ae9-4063-bfff-1c4b7bf516f9	306facf7-98ce-4eb5-8527-6eee6ca2c6b5	\N	\N	\N	\N	\N	16a83bb4-f7d2-4231-a3f1-07341a8376d0
275df265-43ff-4114-ba5a-81a55ad153be	1.00000000000000000000	f71f54ab-5ae9-4063-bfff-1c4b7bf516f9	306facf7-98ce-4eb5-8527-6eee6ca2c6b5	A	\N	\N	\N	\N	3af12c0a-abfe-4146-b8a8-5b385f0d7112
ee65f0fa-9aa9-4f75-b8f0-b021eca27284	\N	f71f54ab-5ae9-4063-bfff-1c4b7bf516f9	306facf7-98ce-4eb5-8527-6eee6ca2c6b5	99390	\N	\N	\N	\N	2f696c2d-ce1d-4e84-9628-00848445d1a6
08645dc7-253b-494e-844f-f11627ab8273	860.00000000000000000000	f71f54ab-5ae9-4063-bfff-1c4b7bf516f9	306facf7-98ce-4eb5-8527-6eee6ca2c6b5	\N	\N	\N	\N	\N	a687c8dc-cc2a-45d2-8eff-fc87502b3cbc
108ec4b4-e87d-4121-8568-9fa5cfe9d29e	0.00000000000000000000	f71f54ab-5ae9-4063-bfff-1c4b7bf516f9	306facf7-98ce-4eb5-8527-6eee6ca2c6b5	\N	\N	\N	\N	\N	0f817005-04c0-404f-acef-d664e857acb4
6a586331-a407-433e-a63f-6a34d66aae2f	287.00000000000000000000	f71f54ab-5ae9-4063-bfff-1c4b7bf516f9	306facf7-98ce-4eb5-8527-6eee6ca2c6b5	\N	\N	\N	\N	\N	15069bb6-511d-4265-9f12-14727779256f
3fadecac-8963-4c56-aba0-bce1ce5cc6b0	3.00000000000000000000	f71f54ab-5ae9-4063-bfff-1c4b7bf516f9	306facf7-98ce-4eb5-8527-6eee6ca2c6b5	\N	\N	\N	\N	\N	4cdd7845-5264-4cd6-b4e5-cac9201d5ca8
8370e04b-ec7e-4e60-a7a2-a9e0f3c823a1	3.90000000000000000000	f71f54ab-5ae9-4063-bfff-1c4b7bf516f9	306facf7-98ce-4eb5-8527-6eee6ca2c6b5	\N	\N	\N	\N	\N	7d5b00c4-2277-4fec-a8fc-f1eced7e9ce5
f429a60d-6d2d-46db-9d0b-459dfdca6eef	18.00000000000000000000	f71f54ab-5ae9-4063-bfff-1c4b7bf516f9	306facf7-98ce-4eb5-8527-6eee6ca2c6b5	\N	\N	\N	\N	\N	3b21c538-cc94-44c9-a79f-39f15e8104b0
63faeecc-084e-4625-9fa3-93ed4b5679fc	0.00000000000000000000	f71f54ab-5ae9-4063-bfff-1c4b7bf516f9	306facf7-98ce-4eb5-8527-6eee6ca2c6b5	\N	\N	\N	\N	\N	741a3e9a-c8db-40cb-b2e1-69de100e5d63
ebbfa7d6-ccbd-41d5-a9e7-192a371dafd6	1049.00000000000000000000	f71f54ab-5ae9-4063-bfff-1c4b7bf516f9	306facf7-98ce-4eb5-8527-6eee6ca2c6b5	\N	\N	\N	\N	\N	b36a4c26-9a1a-4997-bf3d-761496b5f5ce
139125a7-63f3-4cf3-86b0-01ce70ea2479	100.00000000000000000000	f71f54ab-5ae9-4063-bfff-1c4b7bf516f9	306facf7-98ce-4eb5-8527-6eee6ca2c6b5	\N	\N	\N	\N	\N	cfd686e9-a570-4ede-a4be-64be5a888c86
2ce4f72e-3976-42f0-aa0b-db4959037999	30.00000000000000000000	f71f54ab-5ae9-4063-bfff-1c4b7bf516f9	306facf7-98ce-4eb5-8527-6eee6ca2c6b5	\N	\N	\N	\N	\N	391fa85f-86a5-4387-a7ae-204428562d7b
c9f148eb-137c-464f-b565-f2b9c61d6b9e	202.00000000000000000000	f71f54ab-5ae9-4063-bfff-1c4b7bf516f9	306facf7-98ce-4eb5-8527-6eee6ca2c6b5	\N	\N	\N	\N	\N	5d770fb8-871f-493c-a967-a9652673da3f
6a36e70f-bd24-460f-81b2-9c106dd64996	0.00000000000000000000	f71f54ab-5ae9-4063-bfff-1c4b7bf516f9	306facf7-98ce-4eb5-8527-6eee6ca2c6b5	\N	\N	\N	\N	\N	e79fcab0-4f01-4930-a61f-96e8c9a4540a
aa107b36-74b0-438a-8cc0-a2447e526767	\N	f71f54ab-5ae9-4063-bfff-1c4b7bf516f9	306facf7-98ce-4eb5-8527-6eee6ca2c6b5	java=1831;js=403;web=888;xml=191	\N	\N	\N	\N	75285b57-b08a-489c-8fbb-07d03e2e6b88
75a5347b-c954-42ce-8f0e-b9d007a50807	53.00000000000000000000	f71f54ab-5ae9-4063-bfff-1c4b7bf516f9	306facf7-98ce-4eb5-8527-6eee6ca2c6b5	\N	\N	\N	\N	\N	c1cfd257-e914-43f5-be89-c9c91bb2bc5f
6b561ab9-a40a-426e-ad1a-e383afd5ca90	0.00000000000000000000	f71f54ab-5ae9-4063-bfff-1c4b7bf516f9	306facf7-98ce-4eb5-8527-6eee6ca2c6b5	\N	\N	\N	\N	\N	77dc79dc-fe05-4c91-a199-5302b84d9a08
467eee41-49e4-42f2-a2aa-c164ad84062e	3.00000000000000000000	f71f54ab-5ae9-4063-bfff-1c4b7bf516f9	306facf7-98ce-4eb5-8527-6eee6ca2c6b5	C	\N	\N	\N	\N	fc05c511-2225-44a6-b0fc-21a699d56747
c57da3e5-a7a7-4cb4-aa9a-8802f16238b9	1765478429000.00000000000000000000	f71f54ab-5ae9-4063-bfff-1c4b7bf516f9	306facf7-98ce-4eb5-8527-6eee6ca2c6b5	\N	\N	\N	\N	\N	e14582af-054b-4413-8b38-033ef7e3267c
f8868172-8724-4688-9d9c-f29b78352460	53.00000000000000000000	f71f54ab-5ae9-4063-bfff-1c4b7bf516f9	306facf7-98ce-4eb5-8527-6eee6ca2c6b5	\N	\N	\N	\N	\N	513640ff-fb12-445e-b63a-fd913d642c82
17921a52-de6e-4e7e-8328-044b7052be67	1.00000000000000000000	f71f54ab-5ae9-4063-bfff-1c4b7bf516f9	306facf7-98ce-4eb5-8527-6eee6ca2c6b5	A	\N	\N	\N	\N	d8420cac-3742-45b8-a55c-a5e159aa0c45
79d96704-97a3-4598-bff4-3df5810b3483	0.00000000000000000000	f71f54ab-5ae9-4063-bfff-1c4b7bf516f9	306facf7-98ce-4eb5-8527-6eee6ca2c6b5	\N	\N	\N	\N	\N	9f292e47-7625-4b42-809a-f9366d711582
76a34b75-774d-4272-a011-96c364d7225e	0.00000000000000000000	f71f54ab-5ae9-4063-bfff-1c4b7bf516f9	306facf7-98ce-4eb5-8527-6eee6ca2c6b5	\N	\N	\N	\N	\N	5066610a-7140-4f26-91fc-18b714928e0a
c45b803c-044b-4d66-b080-6cc2f9341328	1.00000000000000000000	f71f54ab-5ae9-4063-bfff-1c4b7bf516f9	306facf7-98ce-4eb5-8527-6eee6ca2c6b5	A	\N	\N	\N	\N	c5d51067-0b73-4621-b61c-bc1345a28c92
65b51527-b4f8-485e-9a43-7e254e46aea1	0.00000000000000000000	f71f54ab-5ae9-4063-bfff-1c4b7bf516f9	306facf7-98ce-4eb5-8527-6eee6ca2c6b5	\N	\N	\N	\N	\N	32b7017a-8549-4b2c-9776-97c4b93ace5f
0d6190c9-dc52-4561-b017-88f7cf60f0ef	5.00000000000000000000	f71f54ab-5ae9-4063-bfff-1c4b7bf516f9	306facf7-98ce-4eb5-8527-6eee6ca2c6b5	E	\N	\N	\N	\N	83ba2bdc-c82f-4bf9-964e-80f9765c9626
37fb5722-a4fc-468f-84e9-554e97b1b5bc	0.00000000000000000000	f71f54ab-5ae9-4063-bfff-1c4b7bf516f9	306facf7-98ce-4eb5-8527-6eee6ca2c6b5	\N	\N	\N	\N	\N	06b4e278-01c1-4589-a20e-34452245c467
1fb372bf-58fb-426a-9e3e-2977796d5e1e	0.00000000000000000000	f71f54ab-5ae9-4063-bfff-1c4b7bf516f9	306facf7-98ce-4eb5-8527-6eee6ca2c6b5	\N	\N	\N	\N	\N	5d13b85d-5e94-4726-8cb4-cd0f921f5f12
eb79de53-4f35-4362-a366-4ccf0595a047	0.00000000000000000000	f71f54ab-5ae9-4063-bfff-1c4b7bf516f9	306facf7-98ce-4eb5-8527-6eee6ca2c6b5	\N	\N	\N	\N	\N	3059faf9-73ee-4e0e-9e6e-c1050627b9a1
19e01adc-aa42-4a09-8eae-9d46c2ba0c57	\N	f71f54ab-5ae9-4063-bfff-1c4b7bf516f9	306facf7-98ce-4eb5-8527-6eee6ca2c6b5	{"INFO":0,"LOW":16,"MEDIUM":49,"HIGH":0,"BLOCKER":0,"total":65}	\N	\N	\N	\N	fa779356-3e5f-448a-9bbd-68b9ed2b0087
e50b5ff8-c9ae-4739-af9f-078e1bc24603	7.00000000000000000000	f71f54ab-5ae9-4063-bfff-1c4b7bf516f9	306facf7-98ce-4eb5-8527-6eee6ca2c6b5	\N	\N	\N	\N	\N	0f2d63fd-93ba-493d-8c38-83e1b36e60c3
4c2309cc-33f6-4b18-a526-69ba1cf6c9bc	\N	f71f54ab-5ae9-4063-bfff-1c4b7bf516f9	306facf7-98ce-4eb5-8527-6eee6ca2c6b5	{"INFO":118,"LOW":37,"MEDIUM":40,"HIGH":7,"BLOCKER":0,"total":202}	\N	\N	\N	\N	398dd9c0-2110-453f-b693-1d26cb7e50fb
2a7b5040-652f-43d6-ba20-74b75db779ae	1.00000000000000000000	f71f54ab-5ae9-4063-bfff-1c4b7bf516f9	306facf7-98ce-4eb5-8527-6eee6ca2c6b5	A	\N	\N	\N	\N	2c46cf9c-f87b-4813-baf1-22192aef1f1c
5a750ee5-b53d-4fee-86de-08141559f3ae	1.80000000000000000000	f71f54ab-5ae9-4063-bfff-1c4b7bf516f9	306facf7-98ce-4eb5-8527-6eee6ca2c6b5	\N	\N	\N	\N	\N	43302490-93e3-4261-95c9-92544e5ad764
cf6af606-f675-41b7-94da-feb594171337	438.00000000000000000000	f71f54ab-5ae9-4063-bfff-1c4b7bf516f9	306facf7-98ce-4eb5-8527-6eee6ca2c6b5	\N	\N	\N	\N	\N	d401068e-912d-4ac3-b3c6-e54376ca08e5
7f9b7b4e-11e0-4df1-8497-f0a6d8c69a49	0.00000000000000000000	f71f54ab-5ae9-4063-bfff-1c4b7bf516f9	306facf7-98ce-4eb5-8527-6eee6ca2c6b5	\N	\N	\N	\N	\N	2062ee15-760c-4853-853f-17742ee6decb
b18909af-9152-4076-ae87-39384cef8889	1997.00000000000000000000	f71f54ab-5ae9-4063-bfff-1c4b7bf516f9	306facf7-98ce-4eb5-8527-6eee6ca2c6b5	\N	\N	\N	\N	\N	5e32d856-3082-45a7-b540-da304f9ab9f9
fa73767c-f580-4da3-8e3d-26f7836b62a7	\N	f71f54ab-5ae9-4063-bfff-1c4b7bf516f9	306facf7-98ce-4eb5-8527-6eee6ca2c6b5	[{"key":"8bd9e25f-1ad6-4940-96ae-22afe093ac9c","language":"java","name":"Sonar way","rulesUpdatedAt":"2025-12-12T07:03:03+0000"},{"key":"a4ee8eca-0afc-4e07-bed5-b92cef30eb67","language":"js","name":"Sonar way","rulesUpdatedAt":"2025-12-12T07:03:02+0000"},{"key":"ef66276d-9874-4ce9-865b-9e2121882a92","language":"web","name":"Sonar way","rulesUpdatedAt":"2025-12-12T07:03:03+0000"},{"key":"5ad6c118-0178-4091-a4b0-35b243160e90","language":"xml","name":"Sonar way","rulesUpdatedAt":"2025-12-12T07:03:03+0000"}]	\N	\N	\N	\N	60c3a1b1-d36c-45ef-9b77-04a3e922dabf
d1f4ff05-6e45-4286-84a7-2821e8ec95e2	238.00000000000000000000	f71f54ab-5ae9-4063-bfff-1c4b7bf516f9	306facf7-98ce-4eb5-8527-6eee6ca2c6b5	\N	\N	\N	\N	\N	d5af5872-fa7d-4691-8867-f53bdf4b2d60
06c6b530-f34c-44c4-8eb9-8b6ce57fde82	0.00000000000000000000	f71f54ab-5ae9-4063-bfff-1c4b7bf516f9	306facf7-98ce-4eb5-8527-6eee6ca2c6b5	\N	\N	\N	\N	\N	f2574f7d-9180-4a68-ab82-e16ed1ca0c3e
72d68a92-6bb8-4aa2-8ddc-99baa241bf7a	\N	f71f54ab-5ae9-4063-bfff-1c4b7bf516f9	306facf7-98ce-4eb5-8527-6eee6ca2c6b5	{"level":"OK","conditions":[],"ignoredConditions":false}	\N	\N	\N	\N	356d90bc-3dfc-45de-9d8d-414d488ec4d6
c4db3754-8f38-4cbb-8f43-173bab9e9560	0.00000000000000000000	f71f54ab-5ae9-4063-bfff-1c4b7bf516f9	306facf7-98ce-4eb5-8527-6eee6ca2c6b5	\N	\N	\N	\N	\N	08da20e8-0bb5-4482-be0c-44de964fc10c
85cec684-b2c3-4fd3-8f3a-adb04fb4ebf1	0.00000000000000000000	f71f54ab-5ae9-4063-bfff-1c4b7bf516f9	306facf7-98ce-4eb5-8527-6eee6ca2c6b5	\N	\N	\N	\N	\N	39b4d9f1-1ea9-4227-b027-185b1191694d
d3e0a672-ddc6-4b2b-afaa-a2e2c7164596	29.00000000000000000000	f71f54ab-5ae9-4063-bfff-1c4b7bf516f9	306facf7-98ce-4eb5-8527-6eee6ca2c6b5	\N	\N	\N	\N	\N	69b07f2c-5ecd-4310-be73-88ba1822c7a3
f049320d-5281-4775-bf44-202c7e19740d	0.00000000000000000000	99c0d748-aa94-4811-abe2-d3fa45432f6c	306facf7-98ce-4eb5-8527-6eee6ca2c6b5	\N	\N	\N	\N	\N	9f292e47-7625-4b42-809a-f9366d711582
6d8952f8-b65e-4838-a0d9-345dab84e7db	1.00000000000000000000	99c0d748-aa94-4811-abe2-d3fa45432f6c	306facf7-98ce-4eb5-8527-6eee6ca2c6b5	\N	\N	\N	\N	\N	d7f69b48-0636-4e57-82ae-8efed939e5c9
8e2c0b1e-66f4-4a6b-b5e2-01b24bbe405b	1.70000000000000000000	99c0d748-aa94-4811-abe2-d3fa45432f6c	306facf7-98ce-4eb5-8527-6eee6ca2c6b5	\N	\N	\N	\N	\N	b88db8bf-634e-4c89-82a7-fcaa2afc9e1a
ea242ee0-4759-4169-a1e6-68dbbeaa49b9	252.00000000000000000000	99c0d748-aa94-4811-abe2-d3fa45432f6c	306facf7-98ce-4eb5-8527-6eee6ca2c6b5	\N	\N	\N	\N	\N	d5af5872-fa7d-4691-8867-f53bdf4b2d60
e3c5f9fb-cd7d-4774-9d4c-d99c5319a870	60.00000000000000000000	99c0d748-aa94-4811-abe2-d3fa45432f6c	306facf7-98ce-4eb5-8527-6eee6ca2c6b5	\N	\N	\N	\N	\N	57c699e0-d842-42b9-aaa0-5688c9504dc8
ceac9adc-9092-48cd-aec4-aaecb51d5e1b	0.00000000000000000000	99c0d748-aa94-4811-abe2-d3fa45432f6c	306facf7-98ce-4eb5-8527-6eee6ca2c6b5	\N	\N	\N	\N	\N	a2dcc71d-45cf-4360-ba2b-b7e0b9e2ca7a
799119be-3339-4f53-8d2b-110c62a2a2d1	128.00000000000000000000	99c0d748-aa94-4811-abe2-d3fa45432f6c	306facf7-98ce-4eb5-8527-6eee6ca2c6b5	\N	\N	\N	\N	\N	35273848-586b-44ac-99b9-a51c72f92394
37272d9b-a343-4e74-b1e7-7e6941aebd8e	3.90000000000000000000	99c0d748-aa94-4811-abe2-d3fa45432f6c	306facf7-98ce-4eb5-8527-6eee6ca2c6b5	\N	\N	\N	\N	\N	7d5b00c4-2277-4fec-a8fc-f1eced7e9ce5
d8a46cdc-0be6-4a12-94e7-232877bd2ed3	0.00000000000000000000	99c0d748-aa94-4811-abe2-d3fa45432f6c	306facf7-98ce-4eb5-8527-6eee6ca2c6b5	\N	\N	\N	\N	\N	85af9566-8ffe-4c1c-9eb3-8a87283f86e8
4cb1d2f8-fc0d-47d0-bc2d-57078d994f09	\N	99c0d748-aa94-4811-abe2-d3fa45432f6c	306facf7-98ce-4eb5-8527-6eee6ca2c6b5	{"INFO":0,"LOW":16,"MEDIUM":49,"HIGH":0,"BLOCKER":0,"total":65}	\N	\N	\N	\N	fa779356-3e5f-448a-9bbd-68b9ed2b0087
91d2ae87-895b-4e9d-b6c6-d9980c9bf699	0.00000000000000000000	99c0d748-aa94-4811-abe2-d3fa45432f6c	306facf7-98ce-4eb5-8527-6eee6ca2c6b5	\N	\N	\N	\N	\N	5d13b85d-5e94-4726-8cb4-cd0f921f5f12
11394562-58a9-4f90-9cab-7e4566582a92	0.00000000000000000000	99c0d748-aa94-4811-abe2-d3fa45432f6c	306facf7-98ce-4eb5-8527-6eee6ca2c6b5	\N	\N	\N	\N	\N	5066610a-7140-4f26-91fc-18b714928e0a
259cc23e-fe60-46e8-ab82-e49a08d5b1f3	0.00000000000000000000	99c0d748-aa94-4811-abe2-d3fa45432f6c	306facf7-98ce-4eb5-8527-6eee6ca2c6b5	\N	\N	\N	\N	\N	08da20e8-0bb5-4482-be0c-44de964fc10c
81cbb078-9a69-4ee3-a784-a95c90b64e36	216.00000000000000000000	99c0d748-aa94-4811-abe2-d3fa45432f6c	306facf7-98ce-4eb5-8527-6eee6ca2c6b5	\N	\N	\N	\N	\N	5d770fb8-871f-493c-a967-a9652673da3f
37dd3ecd-a676-4dce-a966-411c29264efc	3313.00000000000000000000	99c0d748-aa94-4811-abe2-d3fa45432f6c	306facf7-98ce-4eb5-8527-6eee6ca2c6b5	\N	\N	\N	\N	\N	16a83bb4-f7d2-4231-a3f1-07341a8376d0
e1d46e91-9bef-402f-8c33-f29f6b400aad	0.00000000000000000000	99c0d748-aa94-4811-abe2-d3fa45432f6c	306facf7-98ce-4eb5-8527-6eee6ca2c6b5	\N	\N	\N	\N	\N	3059faf9-73ee-4e0e-9e6e-c1050627b9a1
3a89d645-c50b-4661-9ccc-7d262df8ed65	0.00000000000000000000	99c0d748-aa94-4811-abe2-d3fa45432f6c	306facf7-98ce-4eb5-8527-6eee6ca2c6b5	\N	\N	\N	\N	\N	f2574f7d-9180-4a68-ab82-e16ed1ca0c3e
9b750012-f967-4e43-aaa6-625098ef432e	30.00000000000000000000	99c0d748-aa94-4811-abe2-d3fa45432f6c	306facf7-98ce-4eb5-8527-6eee6ca2c6b5	\N	\N	\N	\N	\N	5174c232-1b7e-4d5d-bfc4-0e3136bf0516
d43ca77c-b917-4849-88cf-d51df9ccaa7c	0.00000000000000000000	99c0d748-aa94-4811-abe2-d3fa45432f6c	306facf7-98ce-4eb5-8527-6eee6ca2c6b5	\N	\N	\N	\N	\N	32b7017a-8549-4b2c-9776-97c4b93ace5f
877595d3-da30-40e1-972d-a5732dec7fe4	78.00000000000000000000	99c0d748-aa94-4811-abe2-d3fa45432f6c	306facf7-98ce-4eb5-8527-6eee6ca2c6b5	\N	\N	\N	\N	\N	9cbbdb31-ccb3-46ec-84ff-47b402731ce6
b9aa683a-0e8a-4030-a21c-d86508c6ef72	0.00000000000000000000	99c0d748-aa94-4811-abe2-d3fa45432f6c	306facf7-98ce-4eb5-8527-6eee6ca2c6b5	\N	\N	\N	\N	\N	741a3e9a-c8db-40cb-b2e1-69de100e5d63
52ccbf27-fc1a-4fdc-86cf-80dd8c27f97e	\N	99c0d748-aa94-4811-abe2-d3fa45432f6c	306facf7-98ce-4eb5-8527-6eee6ca2c6b5	{"INFO":0,"LOW":0,"MEDIUM":0,"HIGH":0,"BLOCKER":0,"total":0}	\N	\N	\N	\N	fde8a52b-ef84-43a6-b4df-267d8686b7e0
fd7a81f1-db1e-4325-904b-e52efebfe00f	0.00000000000000000000	99c0d748-aa94-4811-abe2-d3fa45432f6c	306facf7-98ce-4eb5-8527-6eee6ca2c6b5	\N	\N	\N	\N	\N	bec6767c-fbe4-42f8-b7c2-00dc6f6f6257
35698b35-ecb5-4859-84bd-403c1b340e0f	\N	99c0d748-aa94-4811-abe2-d3fa45432f6c	306facf7-98ce-4eb5-8527-6eee6ca2c6b5	{"INFO":128,"LOW":41,"MEDIUM":40,"HIGH":7,"BLOCKER":0,"total":216}	\N	\N	\N	\N	398dd9c0-2110-453f-b693-1d26cb7e50fb
33234eb1-9e3d-424c-9fc2-cd1c4d74b883	0.00000000000000000000	99c0d748-aa94-4811-abe2-d3fa45432f6c	306facf7-98ce-4eb5-8527-6eee6ca2c6b5	\N	\N	\N	\N	\N	39b4d9f1-1ea9-4227-b027-185b1191694d
e12bc7ed-4a16-46d6-932e-f7b7400ff5da	\N	99c0d748-aa94-4811-abe2-d3fa45432f6c	306facf7-98ce-4eb5-8527-6eee6ca2c6b5	{"level":"ERROR","conditions":[{"metric":"new_duplicated_lines_density","op":"GT","period":1,"error":"3","actual":"0.0","level":"OK"},{"metric":"new_violations","op":"GT","period":1,"error":"0","actual":"14","level":"ERROR"}],"ignoredConditions":false}	\N	\N	\N	\N	356d90bc-3dfc-45de-9d8d-414d488ec4d6
1f420706-8cc1-409d-ab18-b8d258a8c450	0.00000000000000000000	99c0d748-aa94-4811-abe2-d3fa45432f6c	306facf7-98ce-4eb5-8527-6eee6ca2c6b5	\N	\N	\N	\N	\N	2062ee15-760c-4853-853f-17742ee6decb
2752b921-117c-4818-865b-9bbe2a007ef8	65.00000000000000000000	99c0d748-aa94-4811-abe2-d3fa45432f6c	306facf7-98ce-4eb5-8527-6eee6ca2c6b5	\N	\N	\N	\N	\N	e19c774e-a81b-4d95-82c4-6d19392559eb
1a9f16cf-6761-49e2-a03d-6a5d35d16b7f	0.00000000000000000000	99c0d748-aa94-4811-abe2-d3fa45432f6c	306facf7-98ce-4eb5-8527-6eee6ca2c6b5	\N	\N	\N	\N	\N	77dc79dc-fe05-4c91-a199-5302b84d9a08
7c211438-b82e-4554-a12e-19b9217ea075	1765607577000.00000000000000000000	99c0d748-aa94-4811-abe2-d3fa45432f6c	306facf7-98ce-4eb5-8527-6eee6ca2c6b5	\N	\N	\N	\N	\N	e14582af-054b-4413-8b38-033ef7e3267c
6ab6279d-a9cd-49b0-a100-00b85aee3e7b	76.00000000000000000000	99c0d748-aa94-4811-abe2-d3fa45432f6c	306facf7-98ce-4eb5-8527-6eee6ca2c6b5	\N	\N	\N	\N	\N	25d0117d-cc5a-4b3c-bdcd-f22e8d0a30ad
187428b8-1d53-45d8-89dc-1601a8714641	4087.00000000000000000000	99c0d748-aa94-4811-abe2-d3fa45432f6c	306facf7-98ce-4eb5-8527-6eee6ca2c6b5	\N	\N	\N	\N	\N	12462568-cde0-4807-9ad3-d945e97b371d
48869aff-b6ec-45b1-b429-d6655957fff7	0.00000000000000000000	99c0d748-aa94-4811-abe2-d3fa45432f6c	306facf7-98ce-4eb5-8527-6eee6ca2c6b5	\N	\N	\N	\N	\N	5eeebc02-2132-4367-8866-b3a57899beb9
985ffa9d-460b-4d1c-be00-4e9f3ddc96d8	7.00000000000000000000	99c0d748-aa94-4811-abe2-d3fa45432f6c	306facf7-98ce-4eb5-8527-6eee6ca2c6b5	\N	\N	\N	\N	\N	0f2d63fd-93ba-493d-8c38-83e1b36e60c3
d2d9eea1-a787-4189-9705-3adbf865b6f6	860.00000000000000000000	99c0d748-aa94-4811-abe2-d3fa45432f6c	306facf7-98ce-4eb5-8527-6eee6ca2c6b5	\N	\N	\N	\N	\N	a687c8dc-cc2a-45d2-8eff-fc87502b3cbc
b6274050-5068-43f3-9516-fd37f98c64cd	20.00000000000000000000	99c0d748-aa94-4811-abe2-d3fa45432f6c	306facf7-98ce-4eb5-8527-6eee6ca2c6b5	\N	\N	\N	\N	\N	77d3bfd6-671a-494e-8441-100d878aa8d9
017d28aa-020b-43cb-9aee-6fda004dde4f	0.00000000000000000000	99c0d748-aa94-4811-abe2-d3fa45432f6c	306facf7-98ce-4eb5-8527-6eee6ca2c6b5	\N	\N	\N	\N	\N	e413e07b-1d68-4f0a-bdd7-b2995aca138b
3b71b5fe-a3e3-4fc4-871e-c16750eceb85	57.00000000000000000000	99c0d748-aa94-4811-abe2-d3fa45432f6c	306facf7-98ce-4eb5-8527-6eee6ca2c6b5	\N	\N	\N	\N	\N	c1cfd257-e914-43f5-be89-c9c91bb2bc5f
254e4d4e-22c2-48ec-846c-40f8ca54ed21	1723.00000000000000000000	99c0d748-aa94-4811-abe2-d3fa45432f6c	306facf7-98ce-4eb5-8527-6eee6ca2c6b5	\N	\N	\N	\N	\N	0c1d60c5-155a-4c58-b287-f90592e98787
654423f9-0c61-4940-8681-d15d9f9569e5	287.00000000000000000000	99c0d748-aa94-4811-abe2-d3fa45432f6c	306facf7-98ce-4eb5-8527-6eee6ca2c6b5	\N	\N	\N	\N	\N	15069bb6-511d-4265-9f12-14727779256f
77828439-6b49-423a-a05c-d43879ea2bc5	871.00000000000000000000	99c0d748-aa94-4811-abe2-d3fa45432f6c	306facf7-98ce-4eb5-8527-6eee6ca2c6b5	\N	\N	\N	\N	\N	39413050-cb84-4f12-a41a-30eb8429547a
b72b2648-32bc-464d-9a9f-fc388f5f60ed	\N	99c0d748-aa94-4811-abe2-d3fa45432f6c	306facf7-98ce-4eb5-8527-6eee6ca2c6b5	99390	\N	\N	\N	\N	2f696c2d-ce1d-4e84-9628-00848445d1a6
78cbd40c-6b14-4215-ab06-a9143adf0ed3	1.00000000000000000000	99c0d748-aa94-4811-abe2-d3fa45432f6c	306facf7-98ce-4eb5-8527-6eee6ca2c6b5	A	\N	\N	\N	\N	3af12c0a-abfe-4146-b8a8-5b385f0d7112
c212e39e-cede-474f-b686-c80e072868fe	0.00000000000000000000	99c0d748-aa94-4811-abe2-d3fa45432f6c	306facf7-98ce-4eb5-8527-6eee6ca2c6b5	\N	\N	\N	\N	\N	ee727699-8d33-47c8-9254-9fd4c111e6d9
3bd7050e-5a29-4b8f-b3c8-a578b6c7473c	135.00000000000000000000	99c0d748-aa94-4811-abe2-d3fa45432f6c	306facf7-98ce-4eb5-8527-6eee6ca2c6b5	\N	\N	\N	\N	\N	3873c5e4-8c8a-433f-bb3a-f9408b61eef9
e0753217-0cd1-44c4-98dc-e8eb8235355f	1095.00000000000000000000	99c0d748-aa94-4811-abe2-d3fa45432f6c	306facf7-98ce-4eb5-8527-6eee6ca2c6b5	\N	\N	\N	\N	\N	b36a4c26-9a1a-4997-bf3d-761496b5f5ce
39d3bf7b-5e0f-4552-aca1-00454a1dfae6	0.00000000000000000000	99c0d748-aa94-4811-abe2-d3fa45432f6c	306facf7-98ce-4eb5-8527-6eee6ca2c6b5	\N	\N	\N	\N	\N	06b4e278-01c1-4589-a20e-34452245c467
7aa877a4-8c23-40ce-8c72-d998cc6728f3	128.00000000000000000000	99c0d748-aa94-4811-abe2-d3fa45432f6c	306facf7-98ce-4eb5-8527-6eee6ca2c6b5	\N	\N	\N	\N	\N	2053acad-76c8-4ac7-a198-aa96ec74a777
c21af456-6c47-431f-90d8-720f761b3778	1813.00000000000000000000	99c0d748-aa94-4811-abe2-d3fa45432f6c	306facf7-98ce-4eb5-8527-6eee6ca2c6b5	\N	\N	\N	\N	\N	f81ddb26-fed7-4c2f-812d-832c58e0dbb1
7e1ef41e-081f-4eb6-b3d0-97f309312c13	18.00000000000000000000	99c0d748-aa94-4811-abe2-d3fa45432f6c	306facf7-98ce-4eb5-8527-6eee6ca2c6b5	\N	\N	\N	\N	\N	3b21c538-cc94-44c9-a79f-39f15e8104b0
9317b9a5-7527-4fcf-8977-3d17fdc96a46	92.00000000000000000000	99c0d748-aa94-4811-abe2-d3fa45432f6c	306facf7-98ce-4eb5-8527-6eee6ca2c6b5	\N	\N	\N	\N	\N	9a5c7926-c3e1-4b67-9465-a4c921c98271
78d12b1f-116f-4099-acf8-2647bc55c7a6	20.50000000000000000000	99c0d748-aa94-4811-abe2-d3fa45432f6c	306facf7-98ce-4eb5-8527-6eee6ca2c6b5	\N	\N	\N	\N	\N	ca127319-b526-41a0-b02c-fa600ce2a24a
ab08f9de-376c-4779-bfc7-82b08271bb06	1.00000000000000000000	99c0d748-aa94-4811-abe2-d3fa45432f6c	306facf7-98ce-4eb5-8527-6eee6ca2c6b5	A	\N	\N	\N	\N	d8420cac-3742-45b8-a55c-a5e159aa0c45
979651df-2f3f-4285-8030-ae32fc5bce1c	5.00000000000000000000	99c0d748-aa94-4811-abe2-d3fa45432f6c	306facf7-98ce-4eb5-8527-6eee6ca2c6b5	E	\N	\N	\N	\N	83ba2bdc-c82f-4bf9-964e-80f9765c9626
8819d495-23f6-49a7-b1d7-c6b80ccd0a58	0.00000000000000000000	99c0d748-aa94-4811-abe2-d3fa45432f6c	306facf7-98ce-4eb5-8527-6eee6ca2c6b5	\N	\N	\N	\N	\N	94ca070f-1d46-4f73-971b-0cf1bf9ded58
3fc409dc-e19e-400d-9dbc-d87bd8ae5087	1.00000000000000000000	99c0d748-aa94-4811-abe2-d3fa45432f6c	306facf7-98ce-4eb5-8527-6eee6ca2c6b5	A	\N	\N	\N	\N	c5d51067-0b73-4621-b61c-bc1345a28c92
71ae135a-690e-4adf-ba39-fbc63f519738	252.00000000000000000000	99c0d748-aa94-4811-abe2-d3fa45432f6c	306facf7-98ce-4eb5-8527-6eee6ca2c6b5	\N	\N	\N	\N	\N	9b535c53-ce63-4449-a5fe-cdddc8900b87
fecd44c6-b1a1-49c0-8386-f0a0193a122d	1.80000000000000000000	99c0d748-aa94-4811-abe2-d3fa45432f6c	306facf7-98ce-4eb5-8527-6eee6ca2c6b5	\N	\N	\N	\N	\N	43302490-93e3-4261-95c9-92544e5ad764
3e180658-5a65-4d69-b489-7efcdda3b973	100.00000000000000000000	99c0d748-aa94-4811-abe2-d3fa45432f6c	306facf7-98ce-4eb5-8527-6eee6ca2c6b5	\N	\N	\N	\N	\N	cfd686e9-a570-4ede-a4be-64be5a888c86
5bf67528-2d02-49cb-839d-430e8f965ebb	14.80000000000000000000	99c0d748-aa94-4811-abe2-d3fa45432f6c	306facf7-98ce-4eb5-8527-6eee6ca2c6b5	\N	\N	\N	\N	\N	6054d0e4-a89f-4ce1-b00d-5d0170650736
9028fdb7-6660-4f31-8a76-46d01b662b90	7.00000000000000000000	99c0d748-aa94-4811-abe2-d3fa45432f6c	306facf7-98ce-4eb5-8527-6eee6ca2c6b5	\N	\N	\N	\N	\N	ac982432-9d66-4322-9fbe-3a2e080a2316
786ed81b-9124-43de-bd24-70ccd31adeb5	438.00000000000000000000	99c0d748-aa94-4811-abe2-d3fa45432f6c	306facf7-98ce-4eb5-8527-6eee6ca2c6b5	\N	\N	\N	\N	\N	d401068e-912d-4ac3-b3c6-e54376ca08e5
8925b245-3e13-4960-9d65-3b4838c8e42d	29.00000000000000000000	99c0d748-aa94-4811-abe2-d3fa45432f6c	306facf7-98ce-4eb5-8527-6eee6ca2c6b5	\N	\N	\N	\N	\N	69b07f2c-5ecd-4310-be73-88ba1822c7a3
ff6aabf0-49d1-4917-a854-c097a2c6fed9	30.00000000000000000000	99c0d748-aa94-4811-abe2-d3fa45432f6c	306facf7-98ce-4eb5-8527-6eee6ca2c6b5	\N	\N	\N	\N	\N	391fa85f-86a5-4387-a7ae-204428562d7b
0a566c8d-01d8-49b1-bcbf-b787f28544d2	\N	99c0d748-aa94-4811-abe2-d3fa45432f6c	306facf7-98ce-4eb5-8527-6eee6ca2c6b5	ERROR	ERROR	New Issues > 0	\N	\N	195d0079-432c-4e64-8804-12c10459aa44
dd950bd7-5a30-44ab-8493-deed900f1137	108.00000000000000000000	99c0d748-aa94-4811-abe2-d3fa45432f6c	306facf7-98ce-4eb5-8527-6eee6ca2c6b5	\N	\N	\N	\N	\N	43550133-17f9-42b4-9094-6999027ede03
8d1a66c8-bdd9-4f1a-8d56-78b7256bc135	219.00000000000000000000	99c0d748-aa94-4811-abe2-d3fa45432f6c	306facf7-98ce-4eb5-8527-6eee6ca2c6b5	\N	\N	\N	\N	\N	3f450bfc-2ede-4b56-a8cd-4d97dd28a584
d227baeb-8aa2-420c-a808-1440f5206af8	234.00000000000000000000	99c0d748-aa94-4811-abe2-d3fa45432f6c	306facf7-98ce-4eb5-8527-6eee6ca2c6b5	\N	\N	\N	\N	\N	51756bb3-879f-4065-b216-40e9bad474be
e4d32355-a344-4456-834a-743da7f522d3	\N	99c0d748-aa94-4811-abe2-d3fa45432f6c	306facf7-98ce-4eb5-8527-6eee6ca2c6b5	java=1831;js=403;web=888;xml=191	\N	\N	\N	\N	75285b57-b08a-489c-8fbb-07d03e2e6b88
af5fdf7c-dee6-41b9-a544-64abf4e5cfa9	3.00000000000000000000	99c0d748-aa94-4811-abe2-d3fa45432f6c	306facf7-98ce-4eb5-8527-6eee6ca2c6b5	C	\N	\N	\N	\N	fc05c511-2225-44a6-b0fc-21a699d56747
50d44b58-1133-4a33-a5df-205e2fe0a8e9	0.00000000000000000000	99c0d748-aa94-4811-abe2-d3fa45432f6c	306facf7-98ce-4eb5-8527-6eee6ca2c6b5	\N	\N	\N	\N	\N	e79fcab0-4f01-4930-a61f-96e8c9a4540a
bccb7e2f-8a2f-4f4f-b027-86b38dc06279	\N	99c0d748-aa94-4811-abe2-d3fa45432f6c	306facf7-98ce-4eb5-8527-6eee6ca2c6b5	[{"key":"8bd9e25f-1ad6-4940-96ae-22afe093ac9c","language":"java","name":"Sonar way","rulesUpdatedAt":"2025-12-12T07:03:03+0000"},{"key":"a4ee8eca-0afc-4e07-bed5-b92cef30eb67","language":"js","name":"Sonar way","rulesUpdatedAt":"2025-12-12T07:03:02+0000"},{"key":"ef66276d-9874-4ce9-865b-9e2121882a92","language":"web","name":"Sonar way","rulesUpdatedAt":"2025-12-12T07:03:03+0000"},{"key":"5ad6c118-0178-4091-a4b0-35b243160e90","language":"xml","name":"Sonar way","rulesUpdatedAt":"2025-12-12T07:03:03+0000"}]	\N	\N	\N	\N	60c3a1b1-d36c-45ef-9b77-04a3e922dabf
198cb223-a6f3-46e3-9cd4-8036d08d6768	57.00000000000000000000	99c0d748-aa94-4811-abe2-d3fa45432f6c	306facf7-98ce-4eb5-8527-6eee6ca2c6b5	\N	\N	\N	\N	\N	513640ff-fb12-445e-b63a-fd913d642c82
69a1f916-592b-485c-b466-63f06891aadd	0.00000000000000000000	99c0d748-aa94-4811-abe2-d3fa45432f6c	306facf7-98ce-4eb5-8527-6eee6ca2c6b5	\N	\N	\N	\N	\N	0f817005-04c0-404f-acef-d664e857acb4
f9a467d2-3461-41f4-a085-b9bfa680203c	256.00000000000000000000	99c0d748-aa94-4811-abe2-d3fa45432f6c	306facf7-98ce-4eb5-8527-6eee6ca2c6b5	\N	\N	\N	\N	\N	8859f12f-4144-4541-8dd8-91c96629791a
5b07d32e-cc76-419f-909e-78caeb5d87a6	0.00000000000000000000	99c0d748-aa94-4811-abe2-d3fa45432f6c	306facf7-98ce-4eb5-8527-6eee6ca2c6b5	\N	\N	\N	\N	\N	fbd7f760-988b-48ca-9af9-39698f552e8f
572b6619-6f0c-4742-a4dc-2d05021508ec	0.00000000000000000000	99c0d748-aa94-4811-abe2-d3fa45432f6c	306facf7-98ce-4eb5-8527-6eee6ca2c6b5	\N	\N	\N	\N	\N	da31b775-0244-4b0d-8353-3ff10e1654a5
8d5c2f76-4b7a-4232-be90-9a63683d4957	2082.00000000000000000000	99c0d748-aa94-4811-abe2-d3fa45432f6c	306facf7-98ce-4eb5-8527-6eee6ca2c6b5	\N	\N	\N	\N	\N	5e32d856-3082-45a7-b540-da304f9ab9f9
bb335a64-f44f-479d-a50b-2937b1bb3977	0.00000000000000000000	99c0d748-aa94-4811-abe2-d3fa45432f6c	306facf7-98ce-4eb5-8527-6eee6ca2c6b5	\N	\N	\N	\N	\N	80c477ff-50dc-4965-93a3-6e7e9e483c26
1ac20508-d9e3-4cb6-95de-d5cc6e68f771	1.00000000000000000000	99c0d748-aa94-4811-abe2-d3fa45432f6c	306facf7-98ce-4eb5-8527-6eee6ca2c6b5	A	\N	\N	\N	\N	2c46cf9c-f87b-4813-baf1-22192aef1f1c
36d65550-9a77-497d-b248-aae5cfbc4311	100.00000000000000000000	99c0d748-aa94-4811-abe2-d3fa45432f6c	306facf7-98ce-4eb5-8527-6eee6ca2c6b5	\N	\N	\N	\N	\N	b8e0fa68-ba65-42fb-a3a3-603b8dfd1c52
fb9cf7b9-7157-4d80-b859-5da82612a5a9	3.00000000000000000000	99c0d748-aa94-4811-abe2-d3fa45432f6c	306facf7-98ce-4eb5-8527-6eee6ca2c6b5	C	\N	\N	\N	\N	9573b9ce-7e9f-4623-907b-98d2eeae403e
4b2b8937-e78d-401f-a2c1-11cdb854adae	3.00000000000000000000	99c0d748-aa94-4811-abe2-d3fa45432f6c	306facf7-98ce-4eb5-8527-6eee6ca2c6b5	\N	\N	\N	\N	\N	4cdd7845-5264-4cd6-b4e5-cac9201d5ca8
\.


--
-- Data for Name: projects; Type: TABLE DATA; Schema: public; Owner: sonaruser
--

COPY public.projects (uuid, kee, qualifier, name, description, private, tags, created_at, updated_at, ncloc, creation_method, contains_ai_code, ai_code_fix_enabled, detected_ai_code) FROM stdin;
fe2a0b33-242e-4b13-9693-e5edb3f975e6	order-system	TRK	order-system	JEE Order Management System with Hibernate and PostgreSQL	f	\N	1765526739866	1765526906425	3313	LOCAL_BROWSER	f	f	f
\.


--
-- Data for Name: snapshots; Type: TABLE DATA; Schema: public; Owner: sonaruser
--

COPY public.snapshots (uuid, root_component_uuid, status, islast, version, build_string, revision, analysis_date, period1_mode, period1_param, period1_date, created_at, purged) FROM stdin;
f71f54ab-5ae9-4063-bfff-1c4b7bf516f9	306facf7-98ce-4eb5-8527-6eee6ca2c6b5	P	f	1.1.2	\N	d3ce44386718d1385e87c794b52fad3ef9f74bb6	1765526906487	\N	\N	\N	1765526888070	t
99c0d748-aa94-4811-abe2-d3fa45432f6c	306facf7-98ce-4eb5-8527-6eee6ca2c6b5	P	t	1.1.2	\N	9a232974e36601cbe146b00dddbc00d23c9653c7	1765607683063	PREVIOUS_VERSION	\N	1765526888070	1765607662830	f
\.


--
-- Name: issues pk_issues; Type: CONSTRAINT; Schema: public; Owner: sonaruser
--

ALTER TABLE ONLY public.issues
    ADD CONSTRAINT pk_issues PRIMARY KEY (kee);


--
-- Name: metrics pk_metrics; Type: CONSTRAINT; Schema: public; Owner: sonaruser
--

ALTER TABLE ONLY public.metrics
    ADD CONSTRAINT pk_metrics PRIMARY KEY (uuid);


--
-- Name: projects pk_new_projects; Type: CONSTRAINT; Schema: public; Owner: sonaruser
--

ALTER TABLE ONLY public.projects
    ADD CONSTRAINT pk_new_projects PRIMARY KEY (uuid);


--
-- Name: project_branches pk_project_branches; Type: CONSTRAINT; Schema: public; Owner: sonaruser
--

ALTER TABLE ONLY public.project_branches
    ADD CONSTRAINT pk_project_branches PRIMARY KEY (uuid);


--
-- Name: project_measures pk_project_measures; Type: CONSTRAINT; Schema: public; Owner: sonaruser
--

ALTER TABLE ONLY public.project_measures
    ADD CONSTRAINT pk_project_measures PRIMARY KEY (uuid);


--
-- Name: snapshots pk_snapshots; Type: CONSTRAINT; Schema: public; Owner: sonaruser
--

ALTER TABLE ONLY public.snapshots
    ADD CONSTRAINT pk_snapshots PRIMARY KEY (uuid);


--
-- Name: idx_qualifier; Type: INDEX; Schema: public; Owner: sonaruser
--

CREATE INDEX idx_qualifier ON public.projects USING btree (qualifier);


--
-- Name: issues_assignee; Type: INDEX; Schema: public; Owner: sonaruser
--

CREATE INDEX issues_assignee ON public.issues USING btree (assignee);


--
-- Name: issues_component_uuid; Type: INDEX; Schema: public; Owner: sonaruser
--

CREATE INDEX issues_component_uuid ON public.issues USING btree (component_uuid);


--
-- Name: issues_creation_date; Type: INDEX; Schema: public; Owner: sonaruser
--

CREATE INDEX issues_creation_date ON public.issues USING btree (issue_creation_date);


--
-- Name: issues_project_uuid; Type: INDEX; Schema: public; Owner: sonaruser
--

CREATE INDEX issues_project_uuid ON public.issues USING btree (project_uuid);


--
-- Name: issues_resolution; Type: INDEX; Schema: public; Owner: sonaruser
--

CREATE INDEX issues_resolution ON public.issues USING btree (resolution);


--
-- Name: issues_rule_uuid; Type: INDEX; Schema: public; Owner: sonaruser
--

CREATE INDEX issues_rule_uuid ON public.issues USING btree (rule_uuid);


--
-- Name: issues_updated_at; Type: INDEX; Schema: public; Owner: sonaruser
--

CREATE INDEX issues_updated_at ON public.issues USING btree (updated_at);


--
-- Name: measures_analysis_metric; Type: INDEX; Schema: public; Owner: sonaruser
--

CREATE INDEX measures_analysis_metric ON public.project_measures USING btree (analysis_uuid, metric_uuid);


--
-- Name: measures_component_uuid; Type: INDEX; Schema: public; Owner: sonaruser
--

CREATE INDEX measures_component_uuid ON public.project_measures USING btree (component_uuid);


--
-- Name: metrics_unique_name; Type: INDEX; Schema: public; Owner: sonaruser
--

CREATE UNIQUE INDEX metrics_unique_name ON public.metrics USING btree (name) NULLS NOT DISTINCT;


--
-- Name: project_branches_project_uuid; Type: INDEX; Schema: public; Owner: sonaruser
--

CREATE INDEX project_branches_project_uuid ON public.project_branches USING btree (project_uuid);


--
-- Name: project_measures_metric; Type: INDEX; Schema: public; Owner: sonaruser
--

CREATE INDEX project_measures_metric ON public.project_measures USING btree (metric_uuid);


--
-- Name: snapshots_root_component_uuid; Type: INDEX; Schema: public; Owner: sonaruser
--

CREATE INDEX snapshots_root_component_uuid ON public.snapshots USING btree (root_component_uuid);


--
-- Name: uniq_project_branches; Type: INDEX; Schema: public; Owner: sonaruser
--

CREATE UNIQUE INDEX uniq_project_branches ON public.project_branches USING btree (branch_type, project_uuid, kee) NULLS NOT DISTINCT;


--
-- Name: uniq_projects_kee; Type: INDEX; Schema: public; Owner: sonaruser
--

CREATE UNIQUE INDEX uniq_projects_kee ON public.projects USING btree (kee) NULLS NOT DISTINCT;


--
-- PostgreSQL database dump complete
--

\unrestrict xZcRTLh3drb55YQpt3I1E9nlr9tJjdIP5EnipaCEa9CJNN5I8fKdKtENCe2ch0O

